Job_name,class_one,class_two,class_three,job_company,low_salary,low _year,job_edu,job_area,second_time
中级java工程师,技术,后端开发,Java,INK 银客集团,15,3, 本科,北京,1509897600
JAVA开发工程师,技术,后端开发,Java,贝米钱包,15,0, 本科,上海,1510130040
Java开发工程师,技术,后端开发,Java,拉勾网,15,3, 本科,北京,1510107960
JAVA,技术,后端开发,Java,曙奇互娱,13,3, 本科,上海,1510125540
Java开发,技术,后端开发,Java,泛微,15,3, 本科,上海,1510109160
Java开发工程师,技术,后端开发,Java,中金支付有限公司,10,1, 本科,北京,1509552000
Java开发,技术,后端开发,Java,灿福科技,12,3, 本科,上海,1510137360
Java研发,技术,后端开发,Java,上海宏鹿信息技术服务有限公司,15,3, 本科,上海,1510138560
java开发工程师,技术,后端开发,Java,小米,18,3, 本科,北京,1510135320
java开发工程师,技术,后端开发,Java,尚德机构,15,3, 本科,武汉,1510119000
Java开发工程师,技术,后端开发,Java,有鱼金融科技,16,3, 本科,上海,1510102620
JAVA工程师,技术,后端开发,Java,桔子分期,8,3, 本科,大连,1510136640
Java开发工程师,技术,后端开发,Java,CLPS,14,3, 本科,广州,1510132440
JAVA工程师,技术,后端开发,Java,51社保网,18,5, 本科,北京,1510127820
Java开发,技术,后端开发,Java,文思海辉,10,3, 大专,杭州,1510126140
Java工程师,技术,后端开发,Java,拉勾网,15,3, 本科,北京,1509897600
java开发,技术,后端开发,Java,泛微,12,1, 本科,上海,1510109160
JAVA开发工程师,技术,后端开发,Java,尚德机构,15,1, 本科,武汉,1510112280
Java开发工程师,技术,后端开发,Java,51社保网,18,5, 本科,北京,1510127820
JAVA开发工程师,技术,后端开发,Java,文思海辉,15,5, 本科,北京,1510122480
Java,技术,后端开发,Java,乐天创研,21,3, 本科,上海,1510104360
Java,技术,后端开发,Java,壹米滴答,15,5, 大专,上海,1510101480
Java开发工程师,技术,后端开发,Java,链家上海研发中心,14,3, 本科,上海,1509984000
Java工程师,技术,后端开发,Java,洋钱罐,10,1, 本科,北京,1510133820
Java开发工程师,技术,后端开发,Java,上海你我贷互联网金融信息服务,18,3, 本科,上海,1510128540
Java开发工程师,技术,后端开发,Java,开科唯识,7,1, 本科,佛山,1510111080
Java,技术,后端开发,Java,浙江执御信息技术有限公司,15,3, 大专,杭州,1510103460
Java开发,技术,后端开发,Java,有鱼金融科技,15,3, 本科,上海,1510103220
Java工程师,技术,后端开发,Java,ENJOY,15,1, 本科,北京,1510124640
java开发工程师,技术,后端开发,Java,京东商城,15,3, 本科,北京,1510120860
Java工程师,技术,后端开发,Java,拉勾网,15,5, 本科,北京,1509897600
java开发,技术,后端开发,Java,泛微,13,3, 本科,上海,1510109160
Java研发工程师,技术,后端开发,Java,51社保网,12,3, 本科,北京,1510127820
JAVA开发工程师,技术,后端开发,Java,尚德机构,10,3, 本科,北京,1510122720
Java开发工程师,技术,后端开发,Java,乐天创研,10,3, 本科,大连,1510104360
Java开发工程师,技术,后端开发,Java,链家上海研发中心,15,3, 本科,上海,1509984000
Java,技术,后端开发,Java,壹米滴答,15,3, 本科,上海,1510101480
Java工程师,技术,后端开发,Java,洋钱罐,10,1, 硕士,北京,1510133940
Java开发,技术,后端开发,Java,有鱼金融科技,15,1, 本科,上海,1510113480
JAVA,技术,后端开发,Java,大众出行,15,3, 本科,上海,1510112340
Java开发工程师,技术,后端开发,Java,江苏亿科达,10,3, 大专,上海,1510105260
Java开发工程师,技术,后端开发,Java,zilliz,15,3, 本科,上海,1510103820
java开发工程师,技术,后端开发,Java,金证股份,7,3, 本科,上海,1510123200
Java工程师,技术,后端开发,Java,上海西信,7,3, 本科,乌鲁木齐,1510108680
Java开发工程师,技术,后端开发,Java,360,15,3, 本科,北京,1508256000
Java,技术,后端开发,Java,拉勾网,15,3, 本科,北京,1509897600
java开发工程师,技术,后端开发,Java,泛微,13,3, 本科,上海,1510109160
Java开发工程师,技术,后端开发,Java,链家上海研发中心,15,3, 本科,上海,1509984000
Java工程师,技术,后端开发,Java,有鱼金融科技,12,3, 本科,上海,1510103220
java工程师,技术,后端开发,Java,桔子分期,20,3, 本科,北京,1510136640
Java开发工程师,技术,后端开发,Java,远传技术,15,5, 本科,杭州,1510133640
Java工程师,技术,后端开发,Java,宗盛智能,13,1, 大专,杭州,1510131840
JAVA开发工程师,技术,后端开发,Java,新致软件,13,3, 大专,杭州,1510101120
Java工程师,技术,后端开发,Java,51社保网,18,5, 本科,北京,1510127820
java开发工程师,技术,后端开发,Java,美团点评,15,3, 本科,上海,1510111380
Java,技术,后端开发,Java,集奥聚合（GEO）,15,3, 本科,北京,1510106460
Java开发工程师,技术,后端开发,Java,江苏亿科达,10,3, 本科,上海,1510105260
Java,技术,后端开发,Java,Udesk－企业级智能客服平台,15,3, 本科,北京,1510103820
Java开发工程师,技术,后端开发,Java,浙江执御信息技术有限公司,15,3, 不限,杭州,1510103460
Java工程师,技术,后端开发,Java,达达-京东到家,15,3, 大专,北京,1510123080
C++（存储行业背景）,技术,后端开发,C++,XSKY,13,1, 本科,深圳,1509984000
高级C++研发工程师,技术,后端开发,C++,深a科技,15,1, 本科,武汉,1509897600
C++,技术,后端开发,C++,武汉佰钧成技术有限公司,20,5, 本科,上海,1509552000
C++,技术,后端开发,C++,泰赋星,7,1, 大专,南京,1509379200
C++工程师-业务逻辑,技术,后端开发,C++,亿联网络,15,3, 本科,厦门,1509033600
C++软件开发工程师,技术,后端开发,C++,厦门福信光电,5,1, 本科,厦门,1510111440
高级C++研发工程师,技术,后端开发,C++,百度,18,1, 不限,北京,1509984000
Linux C/C++研发工程师,技术,后端开发,C++,蓝盾信息安全技术股份有限公司,10,0, 大专,广州,1510109760
C++工程师,技术,后端开发,C++,盒子支付,8,1, 本科,深圳,1510109280
C++高级开发工程师,技术,后端开发,C++,新氧盒子,25,1, 本科,北京,1510104420
C++开发工程师,技术,后端开发,C++,英雄互娱,15,3, 本科,北京,1509638400
C++开发工程师,技术,后端开发,C++,高新兴科技集团,10,1, 本科,广州,1509033600
交付开发工程师-C++开发工程师,技术,后端开发,C++,SenseTime,10,1, 本科,深圳,1510123080
C++客户端开发工程师,技术,后端开发,C++,abc360,13,1, 本科,杭州,1510117320
C++开发工程师,技术,后端开发,C++,彭珠贸易,20,3, 大专,上海,1510111680
高级C++研发工程师,技术,后端开发,C++,深a科技,15,1, 本科,武汉,1509897600
C++,技术,后端开发,C++,泰赋星,10,1, 大专,南京,1509379200
高级C++开发工程师-信息安全(J170601008),技术,后端开发,C++,滴滴出行,25,3, 本科,北京,1510106160
C++/Lua 游戏服务端高级开发工程师,技术,后端开发,C++,链牌 PokerLink,10,3, 本科,深圳,1510106040
C++高级开发工程师,技术,后端开发,C++,恒生电子,10,3, 本科,杭州,1509984000
高级C++开发工程师,技术,后端开发,C++,竞技世界,20,5, 本科,北京,1510109940
C++客户端开发工程师（郑州）,技术,后端开发,C++,乐至科技,6以上,1, 不限,郑州,1510109220
C++工程师,技术,后端开发,C++,麦风科技,10,3, 大专,深圳,1510102920
C++软件工程师,技术,后端开发,C++,梦网荣信科技集团,10,1, 大专,深圳,1510102260
C++开发工程师,技术,后端开发,C++,东城电子,7,1, 本科,杭州,1509984000
地图业务部-高级C++开发工程师,技术,后端开发,C++,美团点评,20,3, 本科,北京,1509984000
C++高级开发工程师,技术,后端开发,C++,映客直播,30,3, 本科,北京,1509897600
C++高级开发工程师,技术,后端开发,C++,力太科技,10,3, 本科,杭州,1509552000
C++开发工程师,技术,后端开发,C++,中科院广州软件所,8,1, 本科,广州,1509379200
C++软件工程师,技术,后端开发,C++,三泰电子,10,3, 本科,广州,1507824000
C++ 开发工程师,技术,后端开发,C++,英夫美迪,16,3, 本科,北京,1507478400
C++,技术,后端开发,C++,客金科技,8,1, 本科,北京,1509984000
高级C++开发工程师,技术,后端开发,C++,Mobvista,20,3, 本科,北京,1509897600
C++软件开发工程师,技术,后端开发,C++,Momenta,20,3, 本科,北京,1509638400
C++ 开发工程师,技术,后端开发,C++,有点科技,10,3, 本科,深圳,1509465600
C++开发工程师,技术,后端开发,C++,邢帅教育,13,3, 大专,广州,1508256000
Linux C++/Python高级研发工程师,技术,后端开发,C++,好巧,35,5, 本科,北京,1510108800
C++ 应用软件开发工程师,技术,后端开发,C++,信领达,6,1, 本科,杭州,1510104300
c++（明鉴事业群）,技术,后端开发,C++,安恒信息,10,3, 本科,杭州,1510104120
Linux C/C++开发工程师,技术,后端开发,C++,蓝盾信息安全技术股份有限公司,6,3, 不限,广州,1509984000
高级Win软件开发工程师(C++),技术,后端开发,C++,万兴科技股份有限公司,15,5, 本科,深圳,1509984000
C++开发工程师,技术,后端开发,C++,易居中国-创新研发中心,15,1, 本科,上海,1509984000
C++高级软件工程师,技术,后端开发,C++,睿琪软件,12,3, 本科,杭州,1509897600
2018秋招-C++开发工程师J13493,技术,后端开发,C++,好未来,10,0, 本科,北京,1508774400
C++开发工程师,技术,后端开发,C++,广电运通,8,1, 本科,广州,1508169600
C++,技术,后端开发,C++,竞技世界,15,3, 本科,北京,1508169600
C++开发工程师,技术,后端开发,C++,爱狄特,15,3, 本科,北京,1510133100
移动平台-C++研发工程师,技术,后端开发,C++,凌志软件,10,3, 本科,上海,1510128960
C++ 中级工程师,技术,后端开发,C++,ZingFront智线,13,1, 本科,北京,1510127940
C++高级工程师,技术,后端开发,C++,游族网络,10,5, 本科,上海,1510108800
C++客户端开发工程师,技术,后端开发,C++,诺奚信息技术有限公司,15,3, 本科,杭州,1510105920
高级C++工程师,技术,后端开发,C++,博实结,10,3, 大专,深圳,1510105140
C++软件工程师,技术,后端开发,C++,梦网荣信科技集团,10,5, 大专,深圳,1510102260
互联网技术中心-c++开发工程师,技术,后端开发,C++,国泰君安证券股份有限公司,10,3, 硕士,上海,1509984000
C++开发工程师,技术,后端开发,C++,尚趣网络,9,1, 大专,广州,1509897600
高级 C/C++ 文件系统开发工程师,技术,后端开发,C++,红象云腾,10,1, 本科,北京,1509638400
C++开发,技术,后端开发,C++,成都非凡无限科技有限公司,8,1, 大专,成都,1510111560
C++软件工程师,技术,后端开发,C++,金证股份,10,3, 本科,深圳,1509638400
C++高级工程师,技术,后端开发,C++,时空悦动,20,3, 本科,北京,1508860800
C++开发工程师,技术,后端开发,C++,领通科技,11,3, 本科,北京,1510138500
高级算法与数据挖掘工程师,技术,后端开发,数据挖掘,无秘,25,3, 硕士,深圳,1510106940
数据挖掘专家-P7-安全基础平台蚂蚁金服-杭州上海,技术,后端开发,数据挖掘,蚂蚁金服集团,25,3, 硕士,杭州,1509984000
数据挖掘工程师/专家,技术,后端开发,数据挖掘,阿里文娱,25,3, 本科,北京,1509724800
数据挖掘工程师,技术,后端开发,数据挖掘,叮咚钱包,16,3, 本科,北京,1509379200
高级数据挖掘专家,技术,后端开发,数据挖掘,橙鹰,20,5, 硕士,杭州,1510132380
数据挖掘与分析,技术,后端开发,数据挖掘,Rokid,15,5, 本科,杭州,1510116600
数据挖掘工程师,技术,后端开发,数据挖掘,平安付,15,3, 本科,上海,1509984000
数据挖掘工程师,技术,后端开发,数据挖掘,百度,15,3, 本科,北京,1509552000
数据挖掘工程师,技术,后端开发,数据挖掘,新浪网,25,1, 本科,北京,1510108680
数据挖掘,技术,后端开发,数据挖掘,乐易网络,30,3, 本科,深圳,1510105620
数据分析师/数据挖掘,技术,后端开发,数据挖掘,北京国文互联,15,1, 本科,北京,1510102860
数据挖掘工程师/数据分析专家,技术,后端开发,数据挖掘,EPNET,20,3, 本科,北京,1509465600
数据挖掘工程师,技术,后端开发,数据挖掘,平安证券,18,3, 本科,上海,1509033600
数据挖掘 『米粒白条』,技术,后端开发,数据挖掘,通善金融,15,3, 本科,上海,1510126500
数据挖掘工程师,技术,后端开发,数据挖掘,有书,10,1, 本科,北京,1510106820
数据挖掘/算法专家-P7-安全智能-蚂蚁金服,技术,后端开发,数据挖掘,蚂蚁金服集团,25,3, 本科,北京,1509984000
高德-数据挖掘与分析高级工程师,技术,后端开发,数据挖掘,阿里巴巴―高德,15,3, 本科,北京,1509984000
数据挖掘高级工程师,技术,后端开发,数据挖掘,极光,20,3, 本科,深圳,1509984000
数据挖掘工程师,技术,后端开发,数据挖掘,探探,15,1, 本科,北京,1509897600
数据挖掘工程师,技术,后端开发,数据挖掘,美利金融,13,3, 不限,上海,1509638400
数据挖掘工程师,技术,后端开发,数据挖掘,联想集团,15,3, 本科,上海,1509465600
数据挖掘工程师,技术,后端开发,数据挖掘,啦咔网络,18,1, 本科,广州,1510108380
资深数据挖掘工程师,技术,后端开发,数据挖掘,新氧盒子,25,3, 本科,北京,1510080720
数据挖掘工程师,技术,后端开发,数据挖掘,掌门集团,25,3, 本科,上海,1509552000
数据挖掘,技术,后端开发,数据挖掘,彩讯科技,10,1, 本科,广州,1509984000
数据挖掘工程师,技术,后端开发,数据挖掘,览众数据,20,3, 硕士,杭州,1509897600
数据挖掘与建模专员,技术,后端开发,数据挖掘,北京捷越联合,15,1, 本科,北京,1509897600
资深数据挖掘工程师,技术,后端开发,数据挖掘,美团点评,30,3, 本科,北京,1510070400
数据挖掘工程师,技术,后端开发,数据挖掘,奇虎360金融,18,3, 本科,北京,1507478400
NLP/数据挖掘工程师,技术,后端开发,数据挖掘,新华网,13,3, 硕士,北京,1510128600
蚂蚁金服-数据挖掘/算法专家-安全基础平台,技术,后端开发,数据挖掘,蚂蚁金服集团,25,3, 本科,杭州,1509984000
数据挖掘工程师,技术,后端开发,数据挖掘,美利金融,13,3, 不限,上海,1509638400
资深数据挖掘专家,技术,后端开发,数据挖掘,美团点评,30,5, 本科,上海,1510070400
高级数据挖掘工程师(J10554),技术,后端开发,数据挖掘,沪江,20,3, 本科,上海,1510113660
数据挖掘工程师,技术,后端开发,数据挖掘,国誉信睿,10,3, 本科,杭州,1510113540
数据挖掘工程师,技术,后端开发,数据挖掘,联璧,10,1, 本科,上海,1509984000
数据挖掘工程师,技术,后端开发,数据挖掘,今日头条,20,3, 本科,北京,1509206400
数据挖掘工程师,技术,后端开发,数据挖掘,果树金服,18,1, 硕士,杭州,1508774400
数据挖掘工程师,技术,后端开发,数据挖掘,Gridsum 国双,20,3, 本科,北京,1510070400
数据挖掘研究员,技术,后端开发,数据挖掘,北京三星通信研究院,15,3, 本科,北京,1508947200
数据挖掘开发工程师,技术,后端开发,数据挖掘,金山办公软件,15,0, 不限,北京,1510112700
数据挖掘工程师,技术,后端开发,数据挖掘,罗辑思维,25,0, 本科,北京,1510109460
数据挖掘/算法高级研发工程师,技术,后端开发,数据挖掘,滴滴出行,20,1, 本科,北京,1509897600
数据挖掘工程师,技术,后端开发,数据挖掘,百分点,15,1, 本科,上海,1509379200
数据挖掘工程师,技术,后端开发,数据挖掘,一帧,18,1, 本科,北京,1508774400
数据挖掘/算法专家-P7-菜鸟-北京/杭州,技术,后端开发,数据挖掘,蚂蚁金服集团,25,3, 本科,北京,1509984000
资深数据挖掘工程师/专家,技术,后端开发,数据挖掘,美团点评,30,5, 本科,北京,1510123020
资深数据挖掘工程师,技术,后端开发,数据挖掘,铭师堂,15,3, 本科,杭州,1509984000
数据挖掘工程师-POI方向,技术,后端开发,数据挖掘,滴滴出行,20,1, 本科,北京,1509897600
数据平台部-数据挖掘工程师,技术,后端开发,数据挖掘,UCloud,8,1, 本科,上海,1510143960
数据挖掘实习生,技术,后端开发,数据挖掘,大特保,4,0, 硕士,北京,1510108200
数据挖掘工程师,技术,后端开发,数据挖掘,华云中盛,10,1, 硕士,深圳,1510106580
数据挖掘,技术,后端开发,数据挖掘,卓领通讯,12,3, 本科,上海,1509638400
数据挖掘工程师,技术,后端开发,数据挖掘,凡普金科,25,1, 本科,北京,1509379200
数据挖掘工程师,技术,后端开发,数据挖掘,马上金融,13,3, 硕士,北京,1510130700
高级数据挖掘工程师,技术,后端开发,数据挖掘,京东金融,20,3, 硕士,北京,1510128660
数据挖掘工程师,技术,后端开发,数据挖掘,舜飞科技,18,3, 本科,广州,1510107720
数据挖掘工程师,技术,后端开发,数据挖掘,快手,25,3, 本科,北京,1509724800
数据挖掘/推荐算法工程师,技术,后端开发,数据挖掘,新浪微博,20,0, 本科,北京,1509638400
数据挖掘工程师,技术,后端开发,数据挖掘,一帧,18,1, 本科,北京,1508774400
数据挖掘技术专家,技术,后端开发,数据挖掘,美团点评,30,3, 本科,北京,1509984000
数据挖掘专家-P7-风险与决策中心-蚂蚁金服-上海,技术,后端开发,数据挖掘,蚂蚁金服集团,25,3, 本科,上海,1509984000
数据挖掘,技术,后端开发,数据挖掘,一下集团,15,3, 本科,北京,1507564800
数据工程师、SQL、数据挖掘,技术,后端开发,数据挖掘,数宇通,5,1, 本科,北京,1509897600
数据挖掘工程师,技术,后端开发,数据挖掘,百度,16,3, 本科,北京,1508947200
高级数据挖掘工程师,技术,后端开发,数据挖掘,兴仁金融,20,3, 硕士,上海,1510103580
数据挖掘工程师,技术,后端开发,数据挖掘,金山办公软件,15,1, 本科,北京,1509984000
高级数据挖掘工程师,技术,后端开发,数据挖掘,智融集团,20,3, 本科,北京,1509724800
数据挖掘工程师,技术,后端开发,数据挖掘,京东商城,15,3, 本科,北京,1508774400
数据挖掘&算法工程师,技术,后端开发,数据挖掘,哔哩哔哩,18,1, 本科,上海,1510111020
数据挖掘工程师（实习生）,技术,后端开发,数据挖掘,集奥聚合（GEO）,5,0, 本科,北京,1510106460
数据挖掘工程师,技术,后端开发,数据挖掘,小米,18,0, 本科,北京,1510105560
资深数据挖掘专家（上海）,技术,后端开发,数据挖掘,平安科技,15,0, 本科,上海,1509984000
数据挖掘工程师,技术,后端开发,数据挖掘,腾讯,18,3, 硕士,深圳,1509984000
数据挖掘工程师,技术,后端开发,数据挖掘,博乐科技,15,1, 本科,北京,1509897600
推荐后台专家/推荐后台资深专家,技术,后端开发,精准推荐,美团点评,25,1, 本科,北京,1510110660
推荐系统算法工程师,技术,后端开发,精准推荐,搜狐视频,15,3, 本科,北京,1508947200
高级推荐算法工程师,技术,后端开发,精准推荐,最右,30,3, 本科,北京,1508947200
推荐算法工程师-UGC,技术,后端开发,精准推荐,今日头条,20,1, 本科,北京,1508601600
推荐引擎高级研发工程师,技术,后端开发,精准推荐,360,20,3, 本科,北京,1510111260
推荐算法资深工程师/专家,技术,后端开发,精准推荐,阿里巴巴―高德,15,3, 本科,北京,1507564800
推荐引擎开发工程师,技术,后端开发,精准推荐,美图公司,10,0, 不限,厦门,1510107120
推荐算法工程师中高级,技术,后端开发,精准推荐,暴风影音,30,3, 本科,北京,1509638400
资深/高级推荐算法工程师-广州,技术,后端开发,精准推荐,掌门集团,16,5, 本科,广州,1509897600
资深算法推荐 / 机器学习研发,技术,后端开发,精准推荐,新氧盒子,25,3, 本科,北京,1510103460
阿里移动国际-高级产品经理-个性化推荐方向,技术,后端开发,精准推荐,阿里巴巴移动事业群-UC,15,3, 本科,广州,1509984000
推荐算法,技术,后端开发,精准推荐,腾讯,25,0, 本科,深圳,1509897600
高级个性化推荐工程师-电商,技术,后端开发,精准推荐,小米,30,3, 本科,北京,1510105980
搜索推荐工程师,技术,后端开发,精准推荐,返利网,15,3, 本科,上海,1510104480
推荐系统研发工程师,技术,后端开发,精准推荐,新浪微博,20,1, 本科,北京,1508083200
推荐算法技术专家,技术,后端开发,精准推荐,美团点评,25,0, 本科,北京,1509984000
推荐系统高级工程师-视频,技术,后端开发,精准推荐,今日头条,22,1, 本科,北京,1508601600
高级推荐算法工程师-广州,技术,后端开发,精准推荐,掌门集团,14,3, 本科,广州,1509897600
推荐系统架构师,技术,后端开发,精准推荐,映客直播,50,5, 本科,北京,1509897600
百度贴吧推荐算法高级工程师,技术,后端开发,精准推荐,百度,20,3, 本科,北京,1510108500
高级推荐算法工程师,技术,后端开发,精准推荐,知乎,25,3, 本科,北京,1509033600
搜狐媒体-智能推荐平台-推荐算法资深工程师,技术,后端开发,精准推荐,搜狐媒体,30,3, 不限,北京,1508515200
推荐算法工程师,技术,后端开发,精准推荐,美柚,15,1, 本科,杭州,1509984000
用户推荐算法工程师J10324,技术,后端开发,精准推荐,快手,20,1, 本科,北京,1509465600
RANK/推荐高级产品经理,技术,后端开发,精准推荐,百度外卖,15,0, 本科,北京,1510111800
短视频推荐系统开发工程师,技术,后端开发,精准推荐,一览科技,20,3, 本科,北京,1509984000
视频-产品技术中心-推荐系统算法工程师,技术,后端开发,精准推荐,搜狐视频,15,1, 本科,北京,1508947200
MIG09-资讯推荐算法高级工程师,技术,后端开发,精准推荐,腾讯,18,5, 本科,深圳,1509638400
推荐系统工程师/专家,技术,后端开发,精准推荐,拼多多,20,0, 不限,上海,1507478400
推荐算法产品经理,技术,后端开发,精准推荐,ZAKER,13,3, 本科,广州,1510120920
推荐算法技术专家,技术,后端开发,精准推荐,美团点评,30,3, 本科,北京,1510070400
推荐系统架构工程师,技术,后端开发,精准推荐,掌门集团,30,3, 本科,北京,1510106760
推荐算法高级工程师,技术,后端开发,精准推荐,今日头条,20,3, 本科,北京,1509120000
搜索/推荐高级产品经理,技术,后端开发,精准推荐,百度外卖,20,3, 本科,北京,1510111800
视频推荐算法工程师,技术,后端开发,精准推荐,美柚,25,3, 本科,杭州,1510123200
推荐算法研发工程师,技术,后端开发,精准推荐,网易立马理财,20,1, 硕士,北京,1510112520
神马-资深推荐算法专家-智能化方向-p7/8,技术,后端开发,精准推荐,蚂蚁金服集团,25,5, 硕士,北京,1509897600
推荐系统架构师J10322,技术,后端开发,精准推荐,快手,20,3, 本科,北京,1508342400
搜狐媒体-智能推荐平台-推荐后台开发工程师,技术,后端开发,精准推荐,搜狐媒体,30,3, 本科,北京,1508515200
推荐算法/机器学习/数据挖掘/高级工程师,技术,后端开发,精准推荐,网易,25,3, 本科,北京,1510121820
推荐算法工程师,技术,后端开发,精准推荐,小糖科技,30,3, 硕士,北京,1509552000
推荐产品经理,技术,后端开发,精准推荐,爱奇艺,15,3, 本科,北京,1508688000
WXG08-122 推荐系统算法工程师(北京),技术,后端开发,精准推荐,腾讯,15,3, 本科,北京,1509984000
资深推荐系统架构师,技术,后端开发,精准推荐,平安人寿,25,5, 本科,深圳,1510105440
优酷-推荐基础架构/算法专家、高级专家,技术,后端开发,精准推荐,阿里文娱,20,3, 本科,北京,1509984000
推荐系统高级工程师/技术专家-外卖,技术,后端开发,精准推荐,美团点评,25,1, 本科,北京,1508342400
推荐算法工程师（金融）,技术,后端开发,精准推荐,网易立马理财,25,1, 硕士,北京,1510105860
推荐系统架构师J10322,技术,后端开发,精准推荐,快手,20,3, 本科,北京,1509465600
机器学习/推荐算法/搜索算法/NLP,技术,后端开发,精准推荐,百度外卖,25,3, 本科,北京,1509465600
推荐算法工程师,技术,后端开发,精准推荐,微鲸科技,15,0, 不限,上海,1508428800
机器学习-推荐算法专家,技术,后端开发,精准推荐,美菜网,20,5, 硕士,北京,1509465600
推荐算法工程师,技术,后端开发,精准推荐,携程,15,1, 不限,上海,1508515200
产品经理（熟悉个性化推荐）,技术,后端开发,精准推荐,一亩田,15,5, 本科,北京,1510107900
资深/高级推荐算法工程师,技术,后端开发,精准推荐,网易,15,1, 硕士,杭州,1509897600
推荐系统研发工程师,技术,后端开发,精准推荐,妥妥,15,1, 本科,杭州,1509292800
推荐算法工程师,技术,后端开发,精准推荐,趣玩网,25,1, 硕士,北京,1509465600
游戏推荐算法工程师,技术,后端开发,精准推荐,网易游戏,15,1, 本科,广州,1510106580
推荐算法工程师,技术,后端开发,精准推荐,上海聊聊,30,0, 本科,上海,1509897600
推荐算法工程师,技术,后端开发,精准推荐,立纳网络,20,1, 本科,上海,1509897600
推荐算法工程师,技术,后端开发,精准推荐,奇虎360,25,1, 本科,北京,1509897600
推荐算法高级专家,技术,后端开发,精准推荐,美团点评,30,5, 硕士,北京,1508860800
天天快报-推荐算法工程师（北京）,技术,后端开发,精准推荐,腾讯,25,3, 本科,北京,1509638400
推荐算法工程师?,技术,后端开发,精准推荐,叮当快药,12,3, 大专,北京,1509897600
百度贴吧_推荐算法高级研发工程师,技术,后端开发,精准推荐,百度,20,3, 本科,北京,1508774400
推荐系统架构高级工程师,技术,后端开发,精准推荐,APUS Group,30,5, 本科,北京,1510147140
推荐算法高级工程师-短视频方向,技术,后端开发,精准推荐,今日头条,25,1, 本科,北京,1510121700
高级推荐引擎开发工程师,技术,后端开发,精准推荐,陌陌,25,3, 本科,北京,1510106580
【急聘】搜索推荐系统研发工程师,技术,后端开发,精准推荐,易所试,15,1, 本科,北京,1510103880
推荐算法工程师,技术,后端开发,精准推荐,网易游戏,20,3, 本科,广州,1508342400
推荐算法架构师,技术,后端开发,精准推荐,喜马拉雅,20,3, 硕士,上海,1509984000
高级推荐算法开发工程师,技术,后端开发,精准推荐,网易,16,3, 本科,杭州,1510105680
产品经理（推荐算法中心）(003685),技术,后端开发,精准推荐,YY Inc,15,1, 本科,广州,1509984000
高级推荐系统工程师,技术,后端开发,精准推荐,小红书,25,3, 本科,上海,1509292800
高级算法工程师（个性化推荐）,技术,后端开发,精准推荐,猎豹移动,20,1, 本科,北京,1509292800
产品经理（个性化推荐系统）,技术,后端开发,精准推荐,携程,15,3, 本科,上海,1509984000
C#工程师,技术,后端开发,C#,哈哈考驾照,4,0, 不限,德州,1509552000
JavaScript/C#,技术,后端开发,C#,微创,8,1, 本科,北京,1510108260
C#软件工程师,技术,后端开发,C#,土拨鼠,5,1, 不限,南京,1510106460
C#开发工程师,技术,后端开发,C#,艾文凯迪,6,1, 大专,中山,1509984000
C#开发工程师,技术,后端开发,C#,杜特软件,4,0, 大专,佛山,1509984000
C#开发工程师,技术,后端开发,C#,尚为软件,8,1, 本科,广州,1509897600
C#研发工程师,技术,后端开发,C#,产品型公司，稳定健康,8,1, 大专,深圳,1509984000
C#开发工程师,技术,后端开发,C#,栩栩科技,8,3, 不限,天津,1509897600
C#高级软件开发工程师,技术,后端开发,C#,油菜花科技,10,5, 本科,广州,1510130700
初级/中级C#开发工程师,技术,后端开发,C#,新航动力,5,1, 本科,长沙,1510105800
C#开发工程师,技术,后端开发,C#,行心科技,4,1, 大专,广州,1509897600
C#开发工程师,技术,后端开发,C#,四川红地,5,0, 本科,绵阳,1509897600
C#开发工程师,技术,后端开发,C#,昂鼎信息,10,5, 不限,广州,1509897600
C#开发工程师,技术,后端开发,C#,青岛新思诺软件,6,3, 大专,青岛,1509897600
C#开发工程师,技术,后端开发,C#,讯格软件,5,3, 大专,西安,1510118520
C#开发工程师,技术,后端开发,C#,微创,9,3, 本科,北京,1507737600
高级C#开发工程师,技术,后端开发,C#,思迪股份,10,3, 大专,深圳,1510104420
C#开发工程师,技术,后端开发,C#,ForVision,4,1, 本科,苏州,1509984000
C#,技术,后端开发,C#,上海提捺信息科技有限公司,13,3, 本科,上海,1509379200
中级C#研发工程师,技术,后端开发,C#,美味不用等,10,1, 大专,上海,1510130820
C#软件工程师,技术,后端开发,C#,云石,7,1, 本科,南京,1510110960
C#_l工程,技术,后端开发,C#,|科技,8,3, 本科,深圳,1509984000
C#/.net开发工程师,技术,后端开发,C#,成都国铁电气设备有限公司,6,3, 本科,成都,1509984000
VS/.NET/C# Engineer ERP开发,技术,后端开发,C#,维塔士,10,3, 不限,上海,1509897600
C#高级软件工程师,技术,后端开发,C#,大千,13,5, 本科,武汉,1509638400
C#服务端开发工程师,技术,后端开发,C#,广州游爱,6,1, 本科,广州,1510109280
C#软件开发工程师（中级）,技术,后端开发,C#,Nova科技,10,3, 本科,西安,1509897600
C#工程师,技术,后端开发,C#,汉鼎,8,1, 大专,长沙,1509897600
c#开发程序员,技术,后端开发,C#,天津九博科技有限公司,4,1, 不限,天津,1509984000
C#软件工程师,技术,后端开发,C#,思必达,6,1, 大专,广州,1509897600
C#开发工程师,技术,后端开发,C#,品智科技,6,3, 大专,石家庄,1508947200
C#系统分析员,技术,后端开发,C#,招商国际信息,10,5, 本科,深圳,1510103640
C#软件开发工程师（初级）,技术,后端开发,C#,Nova科技,8,1, 本科,西安,1509897600
c#开发工程师,技术,后端开发,C#,缤果盒子,16,3, 本科,北京,1510128060
C#开发工程师,技术,后端开发,C#,杉石,6,1, 本科,西安,1510102260
C#中高级软件工程师,技术,后端开发,C#,广电运通,8,3, 本科,福州,1508256000
.net C# 开发工程师 Developer,技术,后端开发,C#,文思海辉,15,5, 本科,深圳,1507737600
C#,技术,后端开发,C#,天喻软件,8,0, 本科,武汉,1510130340
c#工程师,技术,后端开发,C#,根网科技,10,3, 本科,北京,1509897600
C#(.NET)软件工程师,技术,后端开发,C#,太原向明智控,5,3, 本科,太原,1509897600
C#高级工程师,技术,后端开发,C#,乐易网络,20,3, 本科,深圳,1510105620
C#开发工程师,技术,后端开发,C#,博超,8,1, 大专,武汉,1510104960
C#高级开发工程师-银行软件,技术,后端开发,C#,译会科技,6,1, 本科,上海,1509984000
高级C#开发工程师,技术,后端开发,C#,上海你我贷互联网金融信息服务,15,5, 本科,上海,1509552000
C#开发工程师,技术,后端开发,C#,山东布图,5,1, 大专,济南,1509465600
C#开发工程师,技术,后端开发,C#,品智科技,6,3, 大专,石家庄,1508947200
.net/c#开发工程师,技术,后端开发,C#,陕西联兴,6,1, 本科,西安,1509984000
C#开发程序员,技术,后端开发,C#,儒墨科技,8,1, 本科,洛阳,1509897600
C#/.net工程师,技术,后端开发,C#,宁波远望谷,6,0, 本科,宁波,1509552000
c#/.net,技术,后端开发,C#,趣旅网,10,3, 大专,深圳,1510121880
【北京】（编号202）Java/C#开发工程师,技术,后端开发,C#,ThoughtWorks,15,5, 本科,北京,1509984000
c#工程师,技术,后端开发,C#,郑州秒赞,5,1, 大专,郑州,1509897600
Net (C#) 工程师,技术,后端开发,C#,岂微,6,1, 本科,福州,1509465600
C#/.NET软件开发工程师,技术,后端开发,C#,新宝电器,6,1, 大专,佛山,1507478400
C#开发工程师,技术,后端开发,C#,华云信息,12,3, 大专,深圳,1509897600
C#高级程序员,技术,后端开发,C#,斯普林,8,5, 大专,长沙,1510105200
C#高级开发工程师,技术,后端开发,C#,北京四中网校,10,3, 本科,北京,1510105200
C#软件工程师,技术,后端开发,C#,捷控电子,10,1, 大专,广州,1509724800
.NET开发（C#）,技术,后端开发,C#,司空云工厂,7,1, 大专,广州,1509638400
C#/.NET工程师,技术,后端开发,C#,哈哈约车,4,0, 不限,德州,1509552000
【北京】（编号102）Java/C#开发工程师,技术,后端开发,C#,ThoughtWorks,15,3, 不限,北京,1509984000
C#开发工程师,技术,后端开发,C#,卡凡,8,1, 本科,上海,1509897600
.net（C#）开发工程师,技术,后端开发,C#,创世跬科,7,1, 不限,东莞,1510070400
c#中级软件开发工程师,技术,后端开发,C#,广电运通,8,1, 大专,广州,1508256000
.NET/C#软件工程师,技术,后端开发,C#,郑州威邦科技,6,1, 大专,郑州,1510130880
C#软件开发工程师,技术,后端开发,C#,宝康电子,8,3, 本科,上海,1510120200
.NET（或C#）软件工程师,技术,后端开发,C#,逐浪软件,5,0, 大专,南昌,1509897600
C# 开发工程师,技术,后端开发,C#,金智教育,10,5, 大专,南京,1509897600
C#开发工程师,技术,后端开发,C#,包谷（厦门）科技有限公司,10,1, 大专,厦门,1508688000
C#开发工程师,技术,后端开发,C#,赞同科技,6,1, 大专,广州,1509897600
C#软件开发工程师,技术,后端开发,C#,易隆软件,5,1, 大专,惠州,1509033600
C#开发,技术,后端开发,C#,铭睿,5,1, 本科,大连,1508947200
.net/c#开发工程师,技术,后端开发,C#,陕西联兴,6,1, 大专,西安,1509984000
C#开发工程师,技术,后端开发,C#,黑格科技,9,1, 本科,广州,1509897600
C# .net,技术,后端开发,C#,广州碧软,8,3, 本科,大连,1508256000
.NET,技术,后端开发,.NET,资质管家,8,1, 本科,北京,1509984000
.net开发工程师,技术,后端开发,.NET,武汉佰钧成技术有限公司,8,3, 大专,福州,1510105320
.NET,技术,后端开发,.NET,北京盛安德,8,1, 本科,重庆,1510133820
.net工程师,技术,后端开发,.NET,汇金智融,9,3, 本科,深圳,1510101900
.NET软件工程师,技术,后端开发,.NET,新的美地,10,5, 大专,广州,1510102860
.net开发,技术,后端开发,.NET,南昌华炎软件有限公司,4,3, 大专,南昌,1510123740
.NET软件开发工程师,技术,后端开发,.NET,杭州伊柯夫,6,1, 本科,石家庄,1510104240
.Net研发工程师,技术,后端开发,.NET,正航软件,4,1, 本科,厦门,1510136580
.net工程师,技术,后端开发,.NET,三优亲子,8,5, 大专,广州,1510126260
.net工程师,技术,后端开发,.NET,小微时贷,6,1, 本科,福州,1510113300
.net开发工程师,技术,后端开发,.NET,科大讯飞,10,1, 本科,合肥,1510111980
.NET程序员,技术,后端开发,.NET,天金加银集团,5,1, 大专,天津,1509984000
.net开发工程师,技术,后端开发,.NET,游戏啦,7,1, 大专,郑州,1510119300
.Net工程师,技术,后端开发,.NET,佳锐科技,12,3, 大专,上海,1510108440
.net开发工程师,技术,后端开发,.NET,雁联计算,9,3, 大专,深圳,1510106760
.NET,技术,后端开发,.NET,资质管家,8,0, 本科,北京,1509984000
.net开发,技术,后端开发,.NET,武汉佰钧成技术有限公司,12,3, 大专,广州,1510105320
.Net开发工程师,技术,后端开发,.NET,佳锐科技,12,3, 大专,上海,1510108440
.NET软件开发工程师,技术,后端开发,.NET,杭州伊柯夫,6,1, 本科,武汉,1510134360
.net开发,技术,后端开发,.NET,汇金智融,8,3, 本科,深圳,1509984000
.net开发,技术,后端开发,.NET,知网,5,0, 本科,杭州,1510132080
.net开发,技术,后端开发,.NET,广东道一,8,1, 大专,广州,1509984000
.NET开发工程师,技术,后端开发,.NET,客至软件,8,1, 本科,南京,1510131780
.net工程师,技术,后端开发,.NET,智之美,6,1, 不限,广州,1510129080
.net软件工程师,技术,后端开发,.NET,房搜搜,6,1, 大专,武汉,1510108140
.NET 工程师,技术,后端开发,.NET,南京博管,4,1, 不限,南京,1509984000
.net开发工程师,技术,后端开发,.NET,广州洲聚,10,1, 大专,广州,1510136760
.NET软件开发工程师,技术,后端开发,.NET,慧扬健康,10,0, 本科,广州,1510111860
.net工程师,技术,后端开发,.NET,递易,12,1, 本科,上海,1510105020
.net工程师,技术,后端开发,.NET,广西优居,6,1, 不限,南宁,1509984000
.net开发工程师,技术,后端开发,.NET,资质管家,8,1, 本科,北京,1510120740
.Net开发工程师,技术,后端开发,.NET,武汉佰钧成技术有限公司,9,1, 本科,武汉,1509984000
.NET,技术,后端开发,.NET,明天医网科技,7,1, 大专,杭州,1510105680
.net工程师,技术,后端开发,.NET,递易,10,1, 本科,上海,1510105020
.Net研发工程师,技术,后端开发,.NET,思源时代,8,3, 大专,成都,1510105680
.NET研发工程师,技术,后端开发,.NET,知网,5,1, 本科,广州,1509984000
.net开发工程师,技术,后端开发,.NET,新维保,10,1, 大专,苏州,1510135500
.net工程师,技术,后端开发,.NET,博宇晟佳,6,1, 大专,深圳,1510130520
VS/.NET/C# Engine,技术,后端开发,.NET,维塔士,10,0, 大专,成都,1510123320
.NET,技术,后端开发,.NET,东莞蛛网,5,1, 大专,东莞,1510114140
.net开发工程师,技术,后端开发,.NET,KM男装,8,1, 大专,广州,1509984000
.Net工程师,技术,后端开发,.NET,准动网络科技,10,3, 本科,厦门,1509984000
.NET开发工程师,技术,后端开发,.NET,百图科技,9,1, 大专,杭州,1509984000
.NET开发工程师,技术,后端开发,.NET,上海钢银,13,3, 本科,上海,1510129140
.net开发工程师,技术,后端开发,.NET,小站教育,10,3, 本科,上海,1510105920
.net软件工程师,技术,后端开发,.NET,资质管家,8,1, 大专,北京,1510133640
.net工程师,技术,后端开发,.NET,武汉佰钧成技术有限公司,6,1, 本科,广州,1510124400
.net开发,技术,后端开发,.NET,乔客云数据,5,1, 大专,无锡,1510105500
.net开发工程师,技术,后端开发,.NET,白富美,10,3, 大专,深圳,1510107060
.Net软件开发工程师,技术,后端开发,.NET,博晟安全,8,3, 大专,武汉,1509984000
高级.net开发,技术,后端开发,.NET,CLPS,13,5, 本科,成都,1510121520
.Net开发工程师,技术,后端开发,.NET,上海达欧百希特,8,3, 本科,上海,1509897600
.Net开发工程师,技术,后端开发,.NET,途虎养车网,10,3, 本科,上海,1510132260
.NET,技术,后端开发,.NET,健培,9,0, 不限,杭州,1510120020
.NET,技术,后端开发,.NET,浙江远图互联科技股份有限公司,10,1, 本科,重庆,1510109640
.net工程师,技术,后端开发,.NET,汇金智融,10,3, 本科,深圳,1510105740
.NET软件开发工程师,技术,后端开发,.NET,图航科技,6,1, 本科,北京,1510129980
.NET开发工程师,技术,后端开发,.NET,多赋信息,13,3, 大专,上海,1510106880
.net开发工程师,技术,后端开发,.NET,凤翮正道,15,5, 本科,杭州,1510104780
.net开发工程师,技术,后端开发,.NET,一点金库,12,3, 本科,杭州,1509984000
.NET,技术,后端开发,.NET,资质管家,8,0, 不限,北京,1509984000
.net开发工程师,技术,后端开发,.NET,武汉佰钧成技术有限公司,6,0, 大专,广州,1509897600
.NET开发工程师（急招）,技术,后端开发,.NET,农信互联,8,0, 大专,厦门,1510143600
.Net开发工程师,技术,后端开发,.NET,班凯信息,10,3, 大专,上海,1510108620
.net开发,技术,后端开发,.NET,广州碧软,15,1, 大专,沈阳,1509552000
.NET 开发工程师,技术,后端开发,.NET,众时科技,8,3, 大专,广州,1510115160
.NET开发工程师-上海-00311,技术,后端开发,.NET,领健信息,12,1, 本科,上海,1510105500
.net软件工程师,技术,后端开发,.NET,格林豪泰,10,1, 本科,上海,1509984000
.NET,技术,后端开发,.NET,生意专家,18,0, 本科,上海,1510145400
.NET开发工程师,技术,后端开发,.NET,上海青客,15,3, 本科,上海,1510110720
.NET,技术,后端开发,.NET,浙江远图互联科技股份有限公司,10,1, 本科,武汉,1510109640
.net工程师,技术,后端开发,.NET,天方达健信科技,8,1, 大专,深圳,1510107360
.NET开发工程师,技术,后端开发,.NET,蓝盾信息安全技术股份有限公司,8,3, 不限,广州,1509984000
.NET工程师,技术,后端开发,.NET,绿晶信息科技,6,1, 大专,广州,1509984000
.NET研发技术工程师,技术,后端开发,.NET,知网,4,0, 本科,上海,1509984000
高级java开发工程师/专家/高级专家,技术,后端开发,Java,蚂蚁金服集团,20,0, 本科,成都,1509292800
JAVA开发工程师,技术,后端开发,Java,贝米钱包,15,0, 本科,上海,1510130040
Java开发工程师,技术,后端开发,Java,拉勾网,15,3, 本科,北京,1510107960
JAVA,技术,后端开发,Java,曙奇互娱,13,3, 本科,上海,1510125540
Java开发,技术,后端开发,Java,泛微,13,1, 本科,上海,1510109160
Java开发工程师,技术,后端开发,Java,中金支付有限公司,10,1, 本科,北京,1509552000
Java开发,技术,后端开发,Java,灿福科技,12,3, 本科,上海,1510137360
java开发工程师,技术,后端开发,Java,小米,18,3, 本科,北京,1510135320
Java研发,技术,后端开发,Java,上海宏鹿信息技术服务有限公司,15,3, 本科,上海,1510138560
Java开发工程师,技术,后端开发,Java,有鱼金融科技,16,3, 本科,上海,1510102620
java开发工程师,技术,后端开发,Java,尚德机构,15,3, 本科,武汉,1510119000
Java开发工程师,技术,后端开发,Java,CLPS,14,3, 本科,广州,1510132440
Java工程师,技术,后端开发,Java,洋钱罐,10,1, 硕士,北京,1510133940
Java研发工程师,技术,后端开发,Java,51社保网,12,3, 本科,北京,1510127820
Java开发,技术,后端开发,Java,文思海辉,10,3, 大专,杭州,1510126140
Java工程师,技术,后端开发,Java,拉勾网,15,3, 本科,北京,1509897600
Java,技术,后端开发,Java,泛微,12,3, 大专,上海,1510109160
JAVA开发工程师,技术,后端开发,Java,尚德机构,15,1, 本科,武汉,1510112280
Java工程师,技术,后端开发,Java,洋钱罐,10,1, 本科,北京,1510133820
JAVA开发工程师,技术,后端开发,Java,文思海辉,15,5, 本科,北京,1510122480
Java,技术,后端开发,Java,壹米滴答,15,5, 大专,上海,1510101480
Java开发工程师,技术,后端开发,Java,链家上海研发中心,14,3, 本科,上海,1509984000
JAVA工程师,技术,后端开发,Java,桔子分期,8,3, 本科,大连,1510136640
Java开发工程师,技术,后端开发,Java,上海你我贷互联网金融信息服务,18,3, 本科,上海,1510128540
JAVA工程师,技术,后端开发,Java,51社保网,18,5, 本科,北京,1510127820
Java,技术,后端开发,Java,乐天创研,21,3, 本科,上海,1510104360
Java工程师,技术,后端开发,Java,ENJOY,15,1, 本科,北京,1510124640
Java开发工程师,技术,后端开发,Java,趣丸,8,1, 本科,广州,1510121400
java开发工程师,技术,后端开发,Java,京东商城,15,3, 本科,北京,1510120860
JAVA,技术,后端开发,Java,大众出行,15,3, 本科,上海,1510112340
Java工程师,技术,后端开发,Java,拉勾网,15,5, 本科,北京,1509897600
java开发,技术,后端开发,Java,泛微,12,1, 本科,上海,1510109160
JAVA开发工程师,技术,后端开发,Java,尚德机构,10,3, 本科,北京,1510122720
Java开发工程师,技术,后端开发,Java,51社保网,18,5, 本科,北京,1510127820
Java开发工程师,技术,后端开发,Java,乐天创研,10,3, 本科,大连,1510104360
Java开发工程师,技术,后端开发,Java,链家上海研发中心,15,3, 本科,上海,1509984000
Java开发工程师,技术,后端开发,Java,开科唯识,7,1, 本科,佛山,1510111080
Java,技术,后端开发,Java,浙江执御信息技术有限公司,15,3, 大专,杭州,1510103460
Java开发,技术,后端开发,Java,有鱼金融科技,15,3, 本科,上海,1510103220
Java,技术,后端开发,Java,壹米滴答,15,3, 本科,上海,1510101480
java开发工程师,技术,后端开发,Java,金证股份,7,3, 本科,上海,1510123200
Java开发工程师,技术,后端开发,Java,趣丸,8,1, 本科,广州,1510121640
Java开发工程师,技术,后端开发,Java,江苏亿科达,10,3, 大专,上海,1510105260
Java开发工程师,技术,后端开发,Java,zilliz,15,3, 本科,上海,1510103820
Java开发工程师,技术,后端开发,Java,360,15,3, 本科,北京,1508256000
ruby开发工程师,技术,后端开发,Ruby,360企业安全,15,3, 不限,北京,1510134060
Ruby开发工程师,技术,后端开发,Ruby,Udesk－企业级智能客服平台,10,1, 本科,北京,1510119300
Ruby 开发,技术,后端开发,Ruby,新希望软件,9,1, 本科,宁波,1510119420
Ruby,技术,后端开发,Ruby,北京盛安德,10,3, 本科,苏州,1510133820
Ruby开发工程师,技术,后端开发,Ruby,新氧盒子,20,1, 本科,北京,1510105020
Ruby,技术,后端开发,Ruby,中电博亚,15,3, 本科,杭州,1510107480
Ruby开发工程师,技术,后端开发,Ruby,tap4fun,15,0, 本科,成都,1510105440
Ruby开发工程师,技术,后端开发,Ruby,机智云,8,1, 大专,广州,1510110120
Ruby 工程师,技术,后端开发,Ruby,无二之旅,12,0, 本科,北京,1510109820
高级ruby开发工程师,技术,后端开发,Ruby,掌门集团,15,3, 本科,上海,1510107780
Ruby 工程师,技术,后端开发,Ruby,Strikingly,15,0, 不限,上海,1510110600
Ruby开发工程师,技术,后端开发,Ruby,金山办公软件,15,0, 大专,珠海,1509897600
Ruby 开发工程师,技术,后端开发,Ruby,智慧工场,9,1, 大专,成都,1509897600
资深Ruby工程师,技术,后端开发,Ruby,英语流利说,20,3, 本科,上海,1509897600
Ruby开发工程师,技术,后端开发,Ruby,脚印数据,15,3, 大专,深圳,1509897600
Ruby,技术,后端开发,Ruby,北京盛安德,10,3, 本科,武汉,1510133820
Ruby,技术,后端开发,Ruby,Udesk－企业级智能客服平台,10,1, 本科,北京,1510103820
Ruby 工程师,技术,后端开发,Ruby,掌门集团,15,3, 本科,上海,1509897600
Ruby 工程师,技术,后端开发,Ruby,悠安致,10,1, 本科,上海,1509984000
Ruby工程师,技术,后端开发,Ruby,英语流利说,15,0, 本科,上海,1509897600
Ruby工程师,技术,后端开发,Ruby,磁土科技,12,3, 不限,北京,1509897600
Ruby 工程师,技术,后端开发,Ruby,金数据,12,3, 不限,西安,1510111800
Ruby开发工程师,技术,后端开发,Ruby,LinkFace,12,1, 本科,北京,1509638400
Ruby工程师,技术,后端开发,Ruby,INK 银客集团,18,5, 本科,北京,1509897600
Ruby,技术,后端开发,Ruby,一闪,15,0, 不限,北京,1510117140
Ruby工程师,技术,后端开发,Ruby,薄荷,15,1, 本科,上海,1509984000
Java/Ruby/C# 应用软件开发工程师,技术,后端开发,Ruby,ThoughtWorks,9,1, 不限,西安,1510110360
Ruby开发工程师,技术,后端开发,Ruby,友好速搭,10,1, 不限,深圳,1508947200
资深 Ruby 工程师,技术,后端开发,Ruby,无二之旅,18,0, 不限,北京,1510109820
Ruby工程师,技术,后端开发,Ruby,盖娅互娱,10,0, 不限,北京,1510108380
Ruby,技术,后端开发,Ruby,北京盛安德,15,5, 本科,上海,1510133820
ruby初级工程师,技术,后端开发,Ruby,Udesk－企业级智能客服平台,5,1, 本科,北京,1510119300
软件开发工程师（ruby）,技术,后端开发,Ruby,INK 银客集团,15,3, 本科,北京,1509897600
资深Ruby工程师,技术,后端开发,Ruby,简书,20,5, 本科,上海,1510108260
Ruby工程师,技术,后端开发,Ruby,GrowingIO,25,1, 本科,北京,1509984000
Ruby/Rails开发工程师,技术,后端开发,Ruby,爱燃烧,10,1, 不限,上海,1510107000
初级Ruby工程师,技术,后端开发,Ruby,盖娅互娱,7,0, 不限,北京,1510108380
Ruby,技术,后端开发,Ruby,SenseTime,18,1, 本科,北京,1509897600
Ruby工程师-平台架构方向,技术,后端开发,Ruby,大鱼自助游,15,3, 本科,北京,1509897600
Ruby开发工程师,技术,后端开发,Ruby,两把刷子,15,0, 大专,北京,1508515200
Ruby,技术,后端开发,Ruby,Kdan Mobile,9,1, 本科,长沙,1509379200
Ruby高级工程师,技术,后端开发,Ruby,一闪,25,0, 不限,北京,1510117140
Ruby开发工程师,技术,后端开发,Ruby,土拨鼠,5,1, 本科,南京,1510106460
Ruby开发工程师,技术,后端开发,Ruby,国翰能源,4,1, 大专,重庆,1509897600
初中级Ruby开发工程师,技术,后端开发,Ruby,爱乐奇,10,1, 本科,上海,1508428800
Ruby,技术,后端开发,Ruby,北京盛安德,10,3, 本科,武汉,1510133820
Ruby助理工程师,技术,后端开发,Ruby,Udesk－企业级智能客服平台,8,0, 本科,北京,1510103820
Ruby工程师(初级),技术,后端开发,Ruby,大鱼自助游,10,1, 本科,北京,1509897600
高级Ruby开发工程师,技术,后端开发,Ruby,爱乐奇,15,5, 本科,上海,1508428800
Ruby 中高级工程师 / 全栈工程师,技术,后端开发,Ruby,磁土科技,12,3, 不限,北京,1509897600
Ruby开发工程师,技术,后端开发,Ruby,飞诊,10,1, 本科,上海,1510126560
资深Java web/Ruby开发,技术,后端开发,Ruby,FreeWheel,20,3, 本科,北京,1509379200
Ruby后端开发工程师,技术,后端开发,Ruby,致维网络,10,3, 本科,上海,1510104960
Ruby研发工程师,技术,后端开发,Ruby,Lankr,10,1, 不限,上海,1509897600
Ruby 开发工程师 （5人）,技术,后端开发,Ruby,MDPI,8,1, 本科,武汉,1509897600
Ruby 工程师,技术,后端开发,Ruby,多点科技,15,3, 本科,北京,1510104720
Ruby工程师,技术,后端开发,Ruby,Dunkhome当客,12,1, 不限,杭州,1508342400
Ruby开发工程师,技术,后端开发,Ruby,上海誉渡,15,1, 本科,上海,1509984000
Ruby/Rails 高级工程师,技术,后端开发,Ruby,立返利,15,1, 本科,北京,1510130820
ruby开发工程师,技术,后端开发,Ruby,summer校园,15,1, 本科,北京,1510114560
自然语言处理,技术,人工智能,自然语言处理,360,25,3, 本科,北京,1510111260
自然语言处理,技术,人工智能,自然语言处理,普强信息,15,0, 本科,北京,1510111920
自然语言处理,技术,人工智能,自然语言处理,滴滴出行,20,3, 本科,杭州,1510123680
自然语言处理工程师,技术,人工智能,自然语言处理,江村市隐,20,3, 硕士,上海,1510127880
自然语言处理,技术,人工智能,自然语言处理,智慧芽,15,1, 本科,苏州,1509897600
自然语言处理,技术,人工智能,自然语言处理,美团点评,30,3, 本科,北京,1510070700
自然语言处理科学家/工程师（NLP）,技术,人工智能,自然语言处理,京东金融,25,0, 博士,北京,1510129320
AI技术专家-自然语言处理方向,技术,人工智能,自然语言处理,金蝶,25,5, 本科,深圳,1510107000
自然语言处理工程师,技术,人工智能,自然语言处理,泛微,30,3, 本科,上海,1510136940
自然语言处理,技术,人工智能,自然语言处理,Udesk－企业级智能客服平台,30,5, 硕士,北京,1510103820
自然语言处理工程师,技术,人工智能,自然语言处理,广州棒谷网络科技有限公司,12,1, 硕士,广州,1510103700
NLP,技术,人工智能,自然语言处理,时光网-Mtime,30,5, 硕士,北京,1510109520
自然语言处理,技术,人工智能,自然语言处理,爱狄特,20,3, 硕士,北京,1510133100
自然语言处理工程师,技术,人工智能,自然语言处理,美柚,10,1, 硕士,厦门,1510123200
自然语言处理工程师,技术,人工智能,自然语言处理,丝路天地,15,1, 本科,深圳,1510105140
自然语言处理工程师,技术,人工智能,自然语言处理,360,20,5, 本科,北京,1509292800
NLP工程师,技术,人工智能,自然语言处理,智慧芽,15,1, 本科,苏州,1509897600
自然语言处理（资深 或 专家）,技术,人工智能,自然语言处理,美团点评,35,1, 硕士,北京,1510070700
NLP（自然语言处理）,技术,人工智能,自然语言处理,Udesk－企业级智能客服平台,15,3, 本科,北京,1510119300
自然语言处理工程师,技术,人工智能,自然语言处理,泛微,25,3, 硕士,上海,1510103640
自然语言处理,技术,人工智能,自然语言处理,普强信息,25,0, 不限,北京,1509984000
自然语言处理,技术,人工智能,自然语言处理,阡寻,10,1, 硕士,长沙,1510126860
自然语言处理工程师,技术,人工智能,自然语言处理,深圳非凡之星网络科技有限公司,20,1, 本科,深圳,1510131660
自然语言处理工程师,技术,人工智能,自然语言处理,汽车之家,20,3, 硕士,北京,1510126320
自然语言处理工程师,技术,人工智能,自然语言处理,国美互联网,20,1, 本科,北京,1509984000
自然语言处理工程师,技术,人工智能,自然语言处理,逸途科技,35,0, 硕士,北京,1509984000
自然语言处理工程师,技术,人工智能,自然语言处理,颐圣智能,15,3, 硕士,北京,1510107900
架构师-NLP自然语言处理,技术,人工智能,自然语言处理,金蝶,20,5, 本科,深圳,1509984000
自然语言处理工程师,技术,人工智能,自然语言处理,思必驰科技,15,1, 硕士,苏州,1509984000
NLP研究员,技术,人工智能,自然语言处理,华卓科技,10,0, 博士,杭州,1510106700
自然语言处理工程师,技术,人工智能,自然语言处理,泛微,20,1, 硕士,上海,1510103880
NLP工程师,技术,人工智能,自然语言处理,逸途科技,20,1, 硕士,北京,1509984000
自然语言处理工程师,技术,人工智能,自然语言处理,汽车之家,20,3, 硕士,北京,1510126320
NLP自然语言处理工程师,技术,人工智能,自然语言处理,智慧芽,20,0, 博士,上海,1509897600
自然语言处理算法工程师,技术,人工智能,自然语言处理,360,20,1, 硕士,北京,1510111260
NLP工程师,技术,人工智能,自然语言处理,复星金服,10,3, 本科,上海,1510104900
自然语言处理工程师,技术,人工智能,自然语言处理,网龙网络有限公司,15,1, 硕士,苏州,1510102260
算法工程师－NLP自然语言处理,技术,人工智能,自然语言处理,阿西莫夫,20,3, 硕士,深圳,1509984000
自然语言处理研究员,技术,人工智能,自然语言处理,思必驰科技,15,1, 硕士,苏州,1509984000
自然语言NLP处理工程师,技术,人工智能,自然语言处理,探知数据,15,1, 本科,上海,1510133760
NLP工程师,技术,人工智能,自然语言处理,阿博茨科技,12,1, 本科,武汉,1510121700
自然语言处理工程师,技术,人工智能,自然语言处理,小米,18,3, 本科,北京,1510105200
自然语言处理工程师,技术,人工智能,自然语言处理,誉存科技,8,3, 本科,重庆,1509984000
自然语言处理/机器学习研究员,技术,人工智能,自然语言处理,爱奇艺,20,3, 本科,北京,1510105680
自然语言处理工程师,技术,人工智能,自然语言处理,泰迪智慧,12,3, 硕士,武汉,1510111200
自然语言处理工程师,技术,人工智能,自然语言处理,泛微,20,1, 硕士,上海,1510103640
NLP工程师,技术,人工智能,自然语言处理,信和财富,10,0, 本科,北京,1509984000
自然语言处理,技术,人工智能,自然语言处理,APUS Group,25,3, 本科,北京,1509984000
自然语言处理工程师,技术,人工智能,自然语言处理,文创清科,15,3, 本科,成都,1509984000
自然语言处理,技术,人工智能,自然语言处理,爱狄特,20,3, 本科,北京,1510133160
NLP工程师,技术,人工智能,自然语言处理,Rokid,20,3, 本科,杭州,1510116600
NLP研发工程师,技术,人工智能,自然语言处理,妙健康,20,1, 本科,北京,1510111500
自然语言处理研发工程师,技术,人工智能,自然语言处理,达西科技,15,1, 本科,杭州,1510105320
自然语言处理工程师,技术,人工智能,自然语言处理,51Talk 无忧英语,25,3, 本科,深圳,1510105680
自然语言处理工程师,技术,人工智能,自然语言处理,诺奚信息技术有限公司,15,1, 本科,上海,1510105920
MIG06-自然语言处理研究员（深圳）,技术,人工智能,自然语言处理,腾讯,18,3, 本科,深圳,1510104480
自然语言处理,技术,人工智能,自然语言处理,喜马拉雅,20,1, 本科,上海,1509984000
自然语言处理工程师,技术,人工智能,自然语言处理,源杉FIR.ai,20,3, 硕士,上海,1509984000
自然语言处理,技术,人工智能,自然语言处理,爱奇艺,30,3, 硕士,北京,1509897600
自然语言处理工程师,技术,人工智能,自然语言处理,华樾教育,20,1, 硕士,北京,1510106520
测试,技术,测试,测试其它,泛微,6,1, 本科,上海,1510104000
测试开发,技术,测试,测试其它,360,25,5, 本科,北京,1509292800
软件测试,技术,测试,测试其它,文思海辉,10,3, 大专,杭州,1510126320
测试工程师,技术,测试,测试其它,屏芯科技,6,1, 本科,青岛,1510131960
测试工程师,技术,测试,测试其它,每日优鲜,10,3, 本科,北京,1510135620
软件测试,技术,测试,测试其它,新航动力,5,1, 大专,长沙,1510123500
测试工程师,技术,测试,测试其它,尚德机构,15,1, 本科,武汉,1510112580
测试工程师,技术,测试,测试其它,所思科技,15,3, 本科,北京,1510131660
测试工程师,技术,测试,测试其它,思源时代,4,3, 大专,郑州,1510112280
测试工程师,技术,测试,测试其它,第一视频,15,3, 本科,北京,1510129020
测试工程师,技术,测试,测试其它,天鸽互动,8,1, 本科,杭州,1510115100
测试工程师,技术,测试,测试其它,知坤科技,8,1, 大专,杭州,1510113780
测试工程师,技术,测试,测试其它,Hellobike哈罗单车,10,3, 大专,上海,1510107300
测试工程师,技术,测试,测试其它,雁联计算,7,1, 大专,重庆,1510112100
测试,技术,测试,测试其它,安徽机器猫,5,1, 大专,合肥,1510104360
测试,技术,测试,测试其它,泛微,6,1, 本科,上海,1510109160
测试工程师,技术,测试,测试其它,360,25,5, 本科,北京,1509292800
测试工程师,技术,测试,测试其它,尚德机构,10,1, 本科,武汉,1510118580
软件测试,技术,测试,测试其它,阿拉丁信息科技,8,3, 大专,杭州,1510105200
测试开发,技术,测试,测试其它,恒昌利通,20,5, 本科,北京,1510127820
测试工程师,技术,测试,测试其它,懒财网,20,3, 本科,杭州,1509984000
测试工程师,技术,测试,测试其它,家园网,10,1, 本科,北京,1510105560
测试,技术,测试,测试其它,微盟,9,3, 大专,上海,1509984000
测试工程师,技术,测试,测试其它,爱致（AZLOOK）国际时尚配饰体验式消费服务平台,6,1, 不限,北京,1510125000
测试工程师,技术,测试,测试其它,华云数据,7,1, 本科,无锡,1510106640
测试,技术,测试,测试其它,有鱼金融科技,6,1, 本科,上海,1510103220
性能测试,技术,测试,测试其它,链钱集团,10,1, 大专,杭州,1510113780
测试,技术,测试,测试其它,小狗在家,9,3, 本科,上海,1510139400
性能测试,技术,测试,测试其它,浙江执御信息技术有限公司,15,3, 不限,杭州,1510103460
测试部-测试工程师（双师）,技术,测试,测试其它,好未来,15,1, 本科,北京,1510102080
测试,技术,测试,测试其它,泛微,6,1, 本科,上海,1510109160
测试工程师,技术,测试,测试其它,360,15,3, 本科,北京,1509897600
测试,技术,测试,测试其它,有鱼金融科技,6,1, 本科,上海,1509984000
测试工程师（QA）,技术,测试,测试其它,网宿科技,8,1, 本科,厦门,1510105080
测试工程师,技术,测试,测试其它,思源时代,4,1, 大专,郑州,1510105680
性能测试,技术,测试,测试其它,新致软件,10,1, 大专,杭州,1510101120
测试工程师,技术,测试,测试其它,钛马车联网,8,3, 本科,南昌,1510136580
测试工程师,技术,测试,测试其它,链家上海研发中心,7,1, 本科,上海,1510135320
测试,技术,测试,测试其它,新光供应链,8,1, 大专,杭州,1510119420
测试工程师,技术,测试,测试其它,灵雀云,6,1, 本科,南京,1510112640
系统测试,技术,测试,测试其它,瞬联软件科技（北京）有限公司,12,0, 本科,上海,1510093380
测试开发工程师,技术,测试,测试其它,华云数据,8,3, 大专,无锡,1510106640
测试工程师,技术,测试,测试其它,变蛙网络,8,3, 本科,杭州,1510126320
软件测试,技术,测试,测试其它,浙江执御信息技术有限公司,10,0, 大专,杭州,1510103460
测试,技术,测试,测试其它,北京盛安德,10,3, 本科,杭州,1510133820
测试,技术,测试,测试其它,泛微,6,1, 本科,上海,1510109160
【手卫】测试工程师,技术,测试,测试其它,360,25,5, 本科,北京,1509292800
测试（徐汇区）,技术,测试,测试其它,有鱼金融科技,8,1, 本科,上海,1509984000
性能测试,技术,测试,测试其它,新致软件,8,1, 大专,杭州,1510101120
测试工程师,技术,测试,测试其它,链家上海研发中心,12,3, 本科,上海,1510135320
测试工程师,技术,测试,测试其它,网宿科技,10,1, 本科,厦门,1510105140
测试工程师,技术,测试,测试其它,远传技术,8,5, 本科,杭州,1510129740
测试工程师,技术,测试,测试其它,鑫合汇,8,1, 本科,杭州,1510128660
软件测试,技术,测试,测试其它,UU跑腿,6,3, 大专,郑州,1510133100
测试工程师,技术,测试,测试其它,大唐互娱,6,1, 本科,北京,1510126380
测试,技术,测试,测试其它,辰沅金融,14,3, 本科,上海,1510106580
测试工程师,技术,测试,测试其它,一米好地,10,3, 本科,上海,1510118700
测试工程师,技术,测试,测试其它,金蝶,10,3, 本科,深圳,1510112580
测试工程师,技术,测试,测试其它,上海西信,5,1, 本科,乌鲁木齐,1510108680
软件测试,技术,测试,测试其它,安徽华米科技,6,1, 大专,合肥,1510105980
系统安全工程师,技术,运维,系统安全,小源科技,10,1, 本科,珠海,1510113060
系统安全研究员,技术,运维,系统安全,安恒信息,15,1, 本科,杭州,1510104120
系统安全工程师,技术,运维,系统安全,凤翮正道,13,1, 大专,杭州,1510104780
系统安全工程师,技术,运维,系统安全,途虎养车网,10,3, 本科,上海,1510132320
操作系统安全研究员,技术,运维,系统安全,启明星辰,10,1, 博士,北京,1509897600
系统安全工程师,技术,运维,系统安全,tap4fun,20,3, 本科,成都,1510105440
系统安全工程师,技术,运维,系统安全,DerbySoft,15,3, 本科,上海,1509638400
系统安全开发工程师,技术,运维,系统安全,小米,17,0, 本科,北京,1510140720
安全工程师-系统安全分析,技术,运维,系统安全,京东,40,5, 本科,北京,1510104540
系统安全开发工程师,技术,运维,系统安全,大圣科技,10,3, 本科,广州,1510104120
MIG07-系统安全研究员（北京）,技术,运维,系统安全,腾讯,18,3, 大专,北京,1510104480
系统安全架构师,技术,运维,系统安全,万向区块链,18,0, 不限,上海,1508860800
系统安全研究员(二进制方向),技术,运维,系统安全,墨云科技,15,1, 本科,北京,1509897600
系统安全工程师（高级）J10691,技术,运维,系统安全,维信金融科技集团,12,3, 大专,上海,1508947200
美团云系统安全工程师,技术,运维,系统安全,美团点评,25,3, 本科,北京,1508774400
系统安全管理员,技术,运维,系统安全,启明星辰,10,1, 不限,北京,1509897600
系统安全工程师,技术,运维,系统安全,宜贷网,10,3, 不限,成都,1510125600
系统安全工程师,技术,运维,系统安全,微乾信息,15,1, 大专,广州,1509292800
系统安全工程师,技术,运维,系统安全,云宝聚合,10,5, 大专,深圳,1509638400
高级系统安全工程师,技术,运维,系统安全,多益网络,15,0, 不限,广州,1507564800
WAF系统安全开发工程师,技术,运维,系统安全,京东金融,15,3, 本科,北京,1510108800
系统安全运维管理岗,技术,运维,系统安全,联通软研院,15,5, 本科,北京,1509984000
Linux系统安全高级研发工程师,技术,运维,系统安全,信大捷安,8,3, 本科,西安,1509552000
系统安全风控开发分析,技术,运维,系统安全,平安证券,18,3, 本科,上海,1509033600
安全运维工程师（主机系统安全方向）,技术,运维,系统安全,盒子支付,6,1, 大专,深圳,1510109280
高级运维工程师-自动化方向,技术,硬件开发,自动化,mobike摩拜单车,20,3, 本科,北京,1510120320
系统运维工程师-自动化开发,技术,硬件开发,自动化,快钱,10,1, 大专,成都,1509984000
自动化工程师,技术,硬件开发,自动化,如涵电商,12,3, 本科,杭州,1509984000
自动化工程师,技术,硬件开发,自动化,盈通股份,6,1, 本科,深圳,1510102860
自动化运维,技术,硬件开发,自动化,瞬联软件科技（北京）有限公司,10,1, 本科,上海,1508860800
自动化/性能测试工程师（任一方向）,技术,硬件开发,自动化,玖富集团,15,3, 本科,北京,1510111380
自动化开发工程师,技术,硬件开发,自动化,微创,12,1, 本科,北京,1510107900
自动化软件工程师,技术,硬件开发,自动化,雷柏科技,12,3, 大专,深圳,1509984000
测试开发-API自动化方向,技术,硬件开发,自动化,INK 银客集团,14,3, 本科,北京,1509897600
自动化工程师,技术,硬件开发,自动化,精滤电子,5,1, 不限,东莞,1509292800
自动化工程师,技术,硬件开发,自动化,蓝天洗涤,5,0, 大专,北京,1509033600
自动化设备工程师,技术,硬件开发,自动化,新佰利,5,3, 本科,苏州,1509984000
自动化工程师,技术,硬件开发,自动化,和隆优化,10,1, 本科,北京,1508342400
电气工程师/自动化工程师,技术,硬件开发,自动化,镭目公司,7,3, 本科,长沙,1508947200
电气自动化工程师,技术,硬件开发,自动化,国以贤智能科技,8,1, 本科,上海,1509984000
自动化工程师/电气工程师,技术,硬件开发,自动化,三江源水务,5,1, 大专,武汉,1507478400
集团总部-网络运营部-运维自动化研发工程师,技术,硬件开发,自动化,搜狐媒体,20,3, 本科,北京,1508515200
Java开发工程师--内部自动化,技术,硬件开发,自动化,集微科技,8,3, 本科,厦门,1509897600
设备自动化工程师,技术,硬件开发,自动化,纽扣互动,5,0, 不限,成都,1509897600
自动化电气工程师,技术,硬件开发,自动化,神元科技,5,3, 本科,武汉,1509379200
自动化广告系统开发工程师,技术,硬件开发,自动化,莉莉丝游戏,15,3, 本科,上海,1509984000
测试工程师-接口自动化,技术,硬件开发,自动化,国家电网全资子公司北京汇通金财,12,3, 本科,北京,1508169600
非标自动化设计工程师,技术,硬件开发,自动化,贯通云网 GT,15,3, 本科,北京,1509984000
高级自动化工程师,技术,硬件开发,自动化,盾安传感,8,0, 本科,杭州,1507737600
高级研发工程师（高精地图自动化算法）,技术,硬件开发,自动化,百度,15,0, 本科,北京,1510130040
自动化机械工程师,技术,硬件开发,自动化,鑫信腾,8,3, 大专,深圳,1509984000
自动化设计工程师,技术,硬件开发,自动化,汇申数控,5,1, 大专,宁波,1509379200
自动化机械工程师,技术,硬件开发,自动化,易用设计,10,5, 本科,南京,1508774400
自动化电气工程师,技术,硬件开发,自动化,酷顶科技,6,3, 本科,上海,1507651200
自动化脚本开发,技术,硬件开发,自动化,华为终端,8,1, 本科,武汉,1507478400
自动化仓储设计工程师,技术,硬件开发,自动化,纵腾网络,10,3, 本科,深圳,1509984000
自动化设备维护工程师,技术,硬件开发,自动化,酷顶科技,3,1, 大专,东莞,1507651200
工业自动化软件开发工程师,技术,硬件开发,自动化,高思科技,12,3, 本科,深圳,1509897600
机械自动化工程师,技术,硬件开发,自动化,高科技材料、环保包装材料,3,0, 不限,上海,1509552000
高级/资深Web自动化及性能测试工程师,技术,硬件开发,自动化,指掌易,20,5, 本科,北京,1509552000
自动化测试,技术,硬件开发,自动化,家园网,15,1, 本科,北京,1510120380
自动化测试,技术,硬件开发,自动化,通力互联,9,1, 本科,杭州,1510122900
自动化测试,技术,硬件开发,自动化,新致软件,9,1, 大专,杭州,1510101120
自动化测试工程师,技术,硬件开发,自动化,乐天创研,10,5, 本科,大连,1510104360
自动化测试,技术,硬件开发,自动化,瞬联软件科技（北京）有限公司,11,1, 本科,上海,1510132260
自动化测试,技术,硬件开发,自动化,管易云,10,1, 本科,上海,1510107300
自动化测试,技术,硬件开发,自动化,爱财集团,15,5, 本科,杭州,1509984000
自动化测试,技术,硬件开发,自动化,销冠科技,13,3, 本科,杭州,1510124640
自动化测试工程师,技术,硬件开发,自动化,CLPS,14,5, 本科,成都,1510121280
自动化测试,技术,硬件开发,自动化,AA租车,15,3, 本科,北京,1510104060
自动化测试,技术,硬件开发,自动化,新致软件,10,3, 大专,杭州,1510101120
自动化测试工程师,技术,硬件开发,自动化,家园网,14,3, 本科,北京,1510106040
自动化测试,技术,硬件开发,自动化,瞬联软件科技（北京）有限公司,15,0, 本科,上海,1509984000
自动化结构工程师,技术,硬件开发,自动化,酷顶科技,6,3, 本科,上海,1507651200
自动化测试,技术,硬件开发,自动化,管易云,10,3, 本科,上海,1510107300
自动化运维开发工程师,技术,硬件开发,自动化,众安保险,15,1, 不限,上海,1510102800
白盒/自动化测试,技术,硬件开发,自动化,文思海辉,12,0, 本科,上海,1510105740
高级自动化测试,技术,硬件开发,自动化,融之家,20,5, 大专,上海,1510107240
自动化测试开发,技术,硬件开发,自动化,ezbuy,15,3, 本科,上海,1510111800
自动化测试工程师,技术,硬件开发,自动化,车国,10,3, 本科,杭州,1509897600
自动化测试工程师,技术,硬件开发,自动化,学堂在线,12,3, 本科,北京,1510135020
自动化测试工程师,技术,硬件开发,自动化,美柚,8,1, 本科,厦门,1510123200
自动化测试工程师,技术,硬件开发,自动化,达人网络,15,3, 本科,珠海,1510104780
上海高级自动化测试工程师,技术,硬件开发,自动化,武汉佰钧成技术有限公司,18,5, 本科,上海,1510112820
自动化测试工程师,技术,硬件开发,自动化,信领达,9,3, 本科,杭州,1510104300
.net程序员,技术,硬件开发,精益工程师,奇构软件,8,0, 不限,北京,1508947200
.net软件工程师,技术,硬件开发,精益工程师,奇构软件,8,0, 大专,北京,1508947200
射频工程师,技术,硬件开发,射频工程师,SENSORO,10,3, 本科,北京,1510133160
射频工程师,技术,硬件开发,射频工程师,美团点评,15,5, 本科,北京,1510104780
射频工程师,技术,硬件开发,射频工程师,武汉佰钧成技术有限公司,12,3, 本科,广州,1510124400
射频工程师,技术,硬件开发,射频工程师,一加手机,15,3, 本科,深圳,1510107540
射频工程师,技术,硬件开发,射频工程师,和源通信,10,3, 本科,上海,1510120200
射频工程师,技术,硬件开发,射频工程师,便利蜂,15,3, 本科,北京,1509465600
高级射频工程师,技术,硬件开发,射频工程师,Hellobike哈罗单车,15,3, 本科,上海,1510103280
高级射频工程师,技术,硬件开发,射频工程师,九爱科技,20,5, 本科,杭州,1510129680
高级射频工程师,技术,硬件开发,射频工程师,涂鸦智能,15,3, 本科,杭州,1510113780
高级射频工程师J10744,技术,硬件开发,射频工程师,龙旗,15,5, 本科,深圳,1510103580
射频工程师,技术,硬件开发,射频工程师,中安频谱,10,3, 本科,成都,1509984000
射频模块工程师,技术,硬件开发,射频工程师,源仪迅驰科技,10,1, 本科,北京,1509984000
高级射频工程师,技术,硬件开发,射频工程师,华士精成,10,3, 本科,深圳,1510109880
射频工程师,技术,硬件开发,射频工程师,任你说,12,3, 本科,北京,1507651200
射频工程师,技术,硬件开发,射频工程师,微米物联,10,3, 本科,广州,1510122300
FLASH开发工程师,设计,视觉设计,Flash设计师,卓睿网络,12,1, 大专,广州,1509984000
Flash设计,设计,视觉设计,Flash设计师,青果灵动,4,0, 不限,北京,1510132380
Flash开发工程师,设计,视觉设计,Flash设计师,游族网络,6,1, 本科,上海,1510108800
flash设计师,设计,视觉设计,Flash设计师,思享时代（北京）科技有限公司,4,0, 本科,北京,1510103520
Flash开发工程师,设计,视觉设计,Flash设计师,易居中国-创新研发中心,15,1, 本科,上海,1509984000
Flash高级研发,设计,视觉设计,Flash设计师,芒果tv,15,3, 本科,长沙,1510104300
Flash设计师,设计,视觉设计,Flash设计师,多益网络,4,0, 不限,广州,1508083200
Flash设计师,设计,视觉设计,Flash设计师,郑州简意科技,2,1, 大专,郑州,1509984000
页游Flash AS3开发工程师/AS3 程序员,设计,视觉设计,Flash设计师,Forgame,12,3, 大专,上海,1509465600
Flash AS3高级开发工程师,设计,视觉设计,Flash设计师,虎扑,10,3, 本科,上海,1510102860
flash开发工程师,设计,视觉设计,Flash设计师,风月科技,5,0, 大专,深圳,1509897600
高级flash开发,设计,视觉设计,Flash设计师,熊猫直播,15,3, 本科,北京,1509897600
高级Flash开发工程师,设计,视觉设计,Flash设计师,网心科技,18,3, 本科,深圳,1509897600
Flash开发工程师（直播方向）,设计,视觉设计,Flash设计师,哔哩哔哩,10,1, 本科,上海,1510111020
Flash设计师/视频设计师,设计,视觉设计,Flash设计师,贪玩游戏,5,1, 大专,广州,1510104360
培优总部-动画师（flash）,设计,视觉设计,Flash设计师,好未来,6,0, 大专,北京,1509984000
flash设计师,设计,视觉设计,Flash设计师,播美传媒,4,0, 不限,青岛,1507910400
FLASH开发工程师,设计,视觉设计,Flash设计师,Adsame,8,1, 大专,北京,1508947200
Flash/AS3游戏开发工程师,设计,视觉设计,Flash设计师,腾讯无线大连研发中心,7,3, 本科,大连,1510104600
Flash设计师,设计,视觉设计,Flash设计师,悠学科技,6,1, 本科,上海,1507564800
Flash动画工程师,设计,视觉设计,Flash设计师,畅游,8,3, 不限,北京,1509897600
Flash设计师,设计,视觉设计,Flash设计师,七小石科技,6,1, 不限,北京,1508860800
Flash设计师,设计,视觉设计,Flash设计师,九麟网络,8,1, 大专,北京,1509552000
Flash动画师,设计,视觉设计,Flash设计师,凯奇谷,4,0, 不限,成都,1510138860
flash动画师,设计,视觉设计,Flash设计师,世纪超星,5,0, 本科,北京,1510111800
Flash页游主程（AS3主程）,设计,视觉设计,Flash设计师,游族网络,25,5, 不限,上海,1510108800
客户端程序(flash经验),设计,视觉设计,Flash设计师,奥银网络长沙分公司,8,1, 不限,长沙,1509897600
FLASH 动画,设计,视觉设计,Flash设计师,高思教育集团,10,1, 大专,北京,1510110360
FLASH动画师,设计,视觉设计,Flash设计师,杭州明霖,10,1, 本科,杭州,1509552000
Flash/AS3页游前端,设计,视觉设计,Flash设计师,辰希网络,10,3, 大专,广州,1509897600
培优总部-原画师（flash）,设计,视觉设计,Flash设计师,好未来,6,0, 大专,北京,1509984000
flash AS3客户端开发工程师,设计,视觉设计,Flash设计师,实牛信息技术,10,1, 大专,上海,1509897600
Flash动画师,设计,视觉设计,Flash设计师,杭州明霖,9,1, 大专,杭州,1509552000
flash动画设计师,设计,视觉设计,Flash设计师,洋葱数学,6,1, 不限,北京,1509984000
Flash动画师,设计,视觉设计,Flash设计师,晓教育,4,1, 大专,广州,1509379200
FLASH动画师,设计,视觉设计,Flash设计师,上海幻棱,5,1, 大专,南京,1509984000
Flash动画设计师,设计,视觉设计,Flash设计师,PPTV聚力,8,1, 大专,上海,1510103820
Flash动画师,设计,视觉设计,Flash设计师,Clickkwala,5,1, 大专,广州,1509033600
flash课件制作,设计,视觉设计,Flash设计师,小学宝,7,0, 不限,北京,1509897600
flash广告设计,设计,视觉设计,Flash设计师,趣游（厦门）科技有限公司,6,1, 不限,厦门,1509897600
flash场景师,设计,视觉设计,Flash设计师,形动数码,6,1, 大专,广州,1509552000
AS3程序员/Flash 3d工程师,设计,视觉设计,Flash设计师,乐家数字科技,8,0, 大专,广州,1510103580
Flash特效设计师（高级）,设计,视觉设计,Flash设计师,西游网,8,3, 大专,成都,1510105500
Flash AS3高级游戏客户端开发工程师,设计,视觉设计,Flash设计师,三七互娱,15,3, 大专,上海,1510104060
flash广告设计师,设计,视觉设计,Flash设计师,贪玩游戏,8,1, 大专,广州,1507737600
Flash 动画,设计,视觉设计,Flash设计师,好未来,6,0, 大专,北京,1509984000
flash动画设计师,设计,视觉设计,Flash设计师,神算子教育,5,0, 本科,广州,1509897600
flash动画师,设计,视觉设计,Flash设计师,武汉永兴元,3,1, 大专,武汉,1508342400
Flash动画师,设计,视觉设计,Flash设计师,赛门仕博品牌,3,1, 大专,成都,1509552000
FLASH原画师,设计,视觉设计,Flash设计师,高思教育集团,6,1, 大专,北京,1509638400
Flash 3D主程（AS3 主程）,设计,视觉设计,Flash设计师,三七互娱,30,5, 不限,上海,1510104060
插画/FLASH/H5,设计,视觉设计,Flash设计师,大来,8,1, 本科,上海,1509552000
Flash动画师,设计,视觉设计,Flash设计师,嗨小冷,3,1, 大专,广州,1509984000
Flash动画设计师（100教育）(003699),设计,视觉设计,Flash设计师,YY Inc,5,3, 大专,北京,1509984000
flash动画师,设计,视觉设计,Flash设计师,飞碟说,4,1, 不限,上海,1508688000
FLASH/插画/H5,设计,视觉设计,Flash设计师,宝霖丰,8,1, 本科,上海,1509292800
Flash广告设计师,设计,视觉设计,Flash设计师,恺英网络,6,1, 不限,上海,1509379200
Flash动画设计师,设计,视觉设计,Flash设计师,巨网科技,4,1, 大专,上饶,1509897600
AS3客户端开发工程师（FLASH游戏）,设计,视觉设计,Flash设计师,众博长游,6,0, 大专,武汉,1509984000
flash设计/原画制作,设计,视觉设计,Flash设计师,金八力,7,3, 本科,北京,1507737600
设计经理,设计,高端职位,设计经理/主管,美甲帮,8,3, 本科,广州,1510108440
设计经理,设计,高端职位,设计经理/主管,青木科技,10,5, 大专,广州,1510120800
设计经理/主管,设计,高端职位,设计经理/主管,世联行,10,3, 本科,深圳,1510110780
设计经理/主管,设计,高端职位,设计经理/主管,广州百事通,5,1, 不限,广州,1510133400
设计总监/资深设计经理,设计,高端职位,设计经理/主管,互联网教育,25,0, 本科,杭州,1510130280
设计经理,设计,高端职位,设计经理/主管,原始空气,18,3, 本科,北京,1510119780
设计经理,设计,高端职位,设计经理/主管,喔噻科技,15,3, 本科,上海,1510112460
设计经理,设计,高端职位,设计经理/主管,蜻蜓FM,15,5, 本科,上海,1509984000
设计经理,设计,高端职位,设计经理/主管,爱奇艺,25,5, 本科,北京,1510130640
设计经理,设计,高端职位,设计经理/主管,全棉时代,10,5, 本科,深圳,1509984000
设计经理,设计,高端职位,设计经理/主管,万通顺达,15,3, 本科,深圳,1510112040
设计经理,设计,高端职位,设计经理/主管,好未来,12,3, 本科,北京,1509292800
设计经理/主管,设计,高端职位,设计经理/主管,罗盘科技,5,1, 大专,常州,1509724800
设计经理,设计,高端职位,设计经理/主管,浙江在隐,4,1, 大专,杭州,1510110480
创意/设计经理,设计,高端职位,设计经理/主管,面包旅行,15,5, 本科,北京,1510132140
设计经理,设计,高端职位,设计经理/主管,青木科技,10,5, 大专,广州,1510120800
设计经理,设计,高端职位,设计经理/主管,孔夫子旧书网,30,5, 本科,北京,1510103640
设计经理,设计,高端职位,设计经理/主管,佰仟金融,15,1, 本科,深圳,1509638400
品牌设计经理/总监,设计,高端职位,设计经理/主管,环球易购,15,5, 本科,深圳,1510107240
设计经理,设计,高端职位,设计经理/主管,国美互联网,12,5, 本科,北京,1509292800
设计经理,设计,高端职位,设计经理/主管,贝壳象,5,3, 本科,北京,1509897600
设计经理,设计,高端职位,设计经理/主管,设享,10,5, 本科,上海,1510105500
设计经理,设计,高端职位,设计经理/主管,沿途,8,1, 大专,南京,1509984000
设计经理/主管,设计,高端职位,设计经理/主管,盈联酒店管理,7,3, 大专,青岛,1508428800
高级UI设计师/设计经理,设计,高端职位,设计经理/主管,有品 PICOOC,20,3, 本科,北京,1510105560
设计经理,设计,高端职位,设计经理/主管,上海伊纳网络,10,3, 大专,上海,1509638400
产品设计师/设计经理/平面设计,设计,高端职位,设计经理/主管,上海众像,7,3, 本科,上海,1509984000
设计经理/主管,设计,高端职位,设计经理/主管,源慧信息,9,1, 大专,上海,1509379200
设计经理-170523,设计,高端职位,设计经理/主管,美团点评,25,5, 大专,北京,1509897600
设计经理,设计,高端职位,设计经理/主管,霸王（广州）有限公司,25,5, 不限,广州,1509465600
设计经理,设计,高端职位,设计经理/主管,速网电商,10,3, 大专,杭州,1507737600
设计经理,设计,高端职位,设计经理/主管,CIG,12,3, 本科,北京,1507651200
室内设计经理,设计,高端职位,设计经理/主管,超级猩猩健身,10,3, 本科,深圳,1510108080
设计经理/主管,设计,高端职位,设计经理/主管,华夏典当行,15,5, 大专,北京,1508774400
设计经理,设计,高端职位,设计经理/主管,维克网络,6,3, 大专,深圳,1508342400
空间设计经理-深圳-00902,设计,高端职位,设计经理/主管,百灵鸟,15,3, 本科,深圳,1509379200
精装设计经理,设计,高端职位,设计经理/主管,中锐教育集团,20,5, 本科,上海,1509638400
设计经理/主管,设计,高端职位,设计经理/主管,咖啡小镇,8,1, 不限,北京,1509465600
设计经理/主管,设计,高端职位,设计经理/主管,QualityIn质量学院,10,3, 本科,北京,1508860800
设计经理,设计,高端职位,设计经理/主管,玖财通,15,3, 本科,北京,1509897600
设计经理,设计,高端职位,设计经理/主管,博动公关,10,5, 大专,成都,1507824000
高级视觉设计师/设计经理,设计,高端职位,设计经理/主管,热点发现wowtrend,18,5, 大专,深圳,1510134000
室内设计经理,设计,高端职位,设计经理/主管,骅锶装饰,6,1, 不限,贵阳,1510119480
室内设计经理,设计,高端职位,设计经理/主管,美豪酒店,12,5, 大专,无锡,1509897600
设计经理,设计,高端职位,设计经理/主管,红演圈,10,3, 本科,北京,1508083200
资深平面设计师/设计经理,设计,高端职位,设计经理/主管,美点子,9,1, 不限,深圳,1509897600
设计经理,设计,高端职位,设计经理/主管,智合公关,8,3, 不限,北京,1508774400
设计经理,设计,高端职位,设计经理/主管,若羽臣-杭州分公司,10,3, 大专,杭州,1507478400
流程设计经理－业务,设计,高端职位,设计经理/主管,ofo,15,3, 本科,北京,1510122900
素材设计经理-深圳,设计,高端职位,设计经理/主管,美图公司,15,3, 本科,深圳,1510107120
工业设计经理,设计,高端职位,设计经理/主管,众托帮,15,5, 本科,上海,1510117440
室内设计经理,设计,高端职位,设计经理/主管,工道科技,9,3, 大专,深圳,1509984000
设计经理,设计,高端职位,设计经理/主管,北京汇智远扬文化传媒有限公司,18,5, 本科,北京,1507478400
美工，设计经理,设计,高端职位,设计经理/主管,峰銮科技,4,0, 不限,北京,1509292800
机电设计经理,设计,高端职位,设计经理/主管,美豪酒店,12,0, 大专,无锡,1509897600
产品设计经理,设计,高端职位,设计经理/主管,韩后电商,12,1, 大专,广州,1510070400
资深交互设计师/设计经理（移动端）,设计,高端职位,设计经理/主管,小蚁,20,5, 本科,深圳,1510119060
产品设计经理,设计,高端职位,设计经理/主管,世纪超星,12,3, 本科,北京,1509984000
电商设计经理,设计,高端职位,设计经理/主管,美甲帮,10,3, 本科,广州,1510140780
设计经理（龙珠直播）,设计,高端职位,设计经理/主管,PPTV聚力,15,5, 本科,上海,1510103820
记者,运营,编辑,记者,数字尾巴,1,1, 大专,深圳,1510111620
记者,运营,编辑,记者,智东西,6,0, 本科,北京,1510107180
记者,运营,编辑,记者,青声网络,5,1, 本科,杭州,1510107840
记者,运营,编辑,记者,一刻talks,10,1, 本科,北京,1509984000
内容主笔/记者,运营,编辑,记者,腾跃校长在线,8,3, 本科,北京,1510126860
资深编辑/记者,运营,编辑,记者,新知百略,8,3, 大专,北京,1510106400
科技媒体网站编辑/记者,运营,编辑,记者,巴比特,8,1, 本科,杭州,1510140960
明星直播频道宣传/记者,运营,编辑,记者,PPTV聚力,10,3, 本科,上海,1510103820
高级记者,运营,编辑,记者,投中信息,10,3, 本科,北京,1510100520
记者,运营,编辑,记者,以太资本,10,1, 本科,北京,1510109220
记者,运营,编辑,记者,小右科技,4,1, 大专,杭州,1509984000
新媒体编辑/记者,运营,编辑,记者,钓鱼之家,5,0, 本科,北京,1510113240
深度主管/记者,运营,编辑,记者,Q房网,9,1, 大专,深圳,1510105740
记者,运营,编辑,记者,创业黑马,10,1, 本科,北京,1510103520
记者,运营,编辑,记者,雷锋网,8,1, 本科,北京,1510137840
记者,运营,编辑,记者,青声网络,5,1, 本科,深圳,1510107840
资深编辑&记者&内容,运营,编辑,记者,新知百略,10,3, 大专,北京,1510106400
记者,运营,编辑,记者,华邑集团,7,3, 本科,杭州,1509984000
财经记者,运营,编辑,记者,金融界网站（互联网证券）,8,1, 本科,北京,1510131120
媒体编辑/记者,运营,编辑,记者,WINGCA,4,0, 本科,南京,1510124280
记者,运营,编辑,记者,母婴行业观察,6,1, 大专,北京,1510138500
记者以及实习生,运营,编辑,记者,卷卷科技,7,1, 本科,北京,1510103820
资深记者,运营,编辑,记者,创业黑马,15,5, 本科,北京,1510103520
高级记者,运营,编辑,记者,武汉亿房网,5,1, 本科,武汉,1510111440
记者,运营,编辑,记者,大比特商务网,4,1, 本科,广州,1509897600
资深记者,运营,编辑,记者,新浪网,10,3, 本科,北京,1509897600
新媒体记者,运营,编辑,记者,欧界传媒,4,1, 本科,广州,1509984000
记者,运营,编辑,记者,鸵鸟创投媒体,5,1, 本科,上海,1509984000
采编/记者,运营,编辑,记者,东方华章,5,3, 本科,北京,1509897600
资深记者,运营,编辑,记者,屏芯科技,8,1, 本科,北京,1508860800
高级编辑/记者,运营,编辑,记者,新知百略,6,1, 大专,北京,1510106400
商业记者,运营,编辑,记者,久邦GOMO,6,1, 本科,广州,1510120380
网剧记者,运营,编辑,记者,魔数映画,6,1, 大专,北京,1509984000
记者,运营,编辑,记者,新零售100人,8,1, 本科,杭州,1508428800
记者,运营,编辑,记者,鲸媒体,5,1, 本科,北京,1509897600
记者,运营,编辑,记者,动点科技,5,1, 本科,上海,1509897600
记者,运营,编辑,记者,引爆点互动科技,6,1, 大专,北京,1510138560
记者,运营,编辑,记者,GeekCar,5,0, 本科,北京,1509897600
记者,运营,编辑,记者,北京蓝色光标数字营销机构,7,1, 本科,北京,1510107240
记者,运营,编辑,记者,创业邦,8,1, 本科,北京,1507737600
记者,运营,编辑,记者,成都菁苗教育科技股份,4,1, 本科,成都,1508860800
财经记者,运营,编辑,记者,Q房网,9,1, 大专,深圳,1510105740
记者,运营,编辑,记者,万联亿通,5,1, 本科,深圳,1509897600
资讯编辑 - 记者方向,运营,编辑,记者,玩盒科技,5,1, 本科,广州,1510106220
记者（教育）,运营,编辑,记者,芥末堆,8,1, 本科,北京,1509897600
政府关系,市场与销售,市场/营销,政府关系,Hellobike哈罗单车,5,0, 大专,温州,1510107060
政府关系,市场与销售,市场/营销,政府关系,简书,10,3, 本科,上海,1510106280
政府关系,市场与销售,市场/营销,政府关系,触手,15,5, 本科,杭州,1510127400
政府关系经理,市场与销售,市场/营销,政府关系,蜜蜂出行,4,1, 大专,郑州,1510112700
政府关系,市场与销售,市场/营销,政府关系,恒天易开,10,1, 本科,北京,1510104120
政府关系,市场与销售,市场/营销,政府关系,ofo,6,3, 大专,西安,1509984000
政府关系,市场与销售,市场/营销,政府关系,地平线机器人,10,0, 不限,南京,1509984000
政府关系专员,市场与销售,市场/营销,政府关系,美甲帮,6,1, 本科,广州,1510108440
政府关系总监,市场与销售,市场/营销,政府关系,36计商学院,8,5, 大专,深圳,1510104840
政府关系,市场与销售,市场/营销,政府关系,我来贷WeLab,10,5, 本科,深圳,1509984000
【政府关系总监】,市场与销售,市场/营销,政府关系,新氧盒子,30,0, 本科,北京,1510080720
政府关系经理,市场与销售,市场/营销,政府关系,3W集团,6,3, 本科,西安,1510107420
政府关系专员,市场与销售,市场/营销,政府关系,东家,12,5, 本科,杭州,1510101360
政府关系与事务专员,市场与销售,市场/营销,政府关系,码隆科技,6,3, 本科,深圳,1509984000
政府关系总监,市场与销售,市场/营销,政府关系,斗米兼职,30,5, 本科,北京,1510112880
政府关系,市场与销售,市场/营销,政府关系,Hellobike哈罗单车,5,0, 大专,金华,1510107060
政府关系经理,市场与销售,市场/营销,政府关系,七牛云,10,3, 本科,上海,1510102320
政府关系经理,市场与销售,市场/营销,政府关系,mobike摩拜单车,15,3, 本科,北京,1510120320
政府关系,市场与销售,市场/营销,政府关系,嘟嘟巴士,10,3, 本科,深圳,1509897600
政府关系经理,市场与销售,市场/营销,政府关系,小蚁,18,5, 本科,上海,1510119060
政府关系专员,市场与销售,市场/营销,政府关系,人人车,6,1, 本科,北京,1509984000
政府关系,市场与销售,市场/营销,政府关系,新片场,15,5, 本科,北京,1510109400
政府关系-上海,市场与销售,市场/营销,政府关系,美团点评,20,1, 本科,上海,1508256000
政府关系实习生,市场与销售,市场/营销,政府关系,一点资讯,2,0, 不限,北京,1510107300
政府关系助理,市场与销售,市场/营销,政府关系,YY Inc,2,0, 本科,广州,1509984000
政府关系专员,市场与销售,市场/营销,政府关系,多牛传媒,4,1, 本科,北京,1510103460
政府关系专员,市场与销售,市场/营销,政府关系,ofo,5,1, 大专,西安,1509984000
政府关系,市场与销售,市场/营销,政府关系,随地付,10,3, 本科,杭州,1507564800
政府关系专员/政府事务专员/政府对接专员,市场与销售,市场/营销,政府关系,基石生命,4,1, 不限,北京,1510103220
政府关系经理,市场与销售,市场/营销,政府关系,蜜蜂出行,5,3, 不限,郑州,1509465600
政府关系,市场与销售,市场/营销,政府关系,Hellobike哈罗单车,5,0, 大专,宁波,1510107060
政府关系经理,市场与销售,市场/营销,政府关系,mobike摩拜单车,15,5, 本科,深圳,1509984000
政府关系专员,市场与销售,市场/营销,政府关系,人人车,6,1, 本科,北京,1509984000
政府关系经理,市场与销售,市场/营销,政府关系,领投鸟,10,3, 本科,上海,1510105860
政府关系总监,市场与销售,市场/营销,政府关系,APUS Group,30,1, 本科,北京,1509984000
政府关系专员,市场与销售,市场/营销,政府关系,ZStack,8,1, 本科,上海,1509984000
政府关系经理,市场与销售,市场/营销,政府关系,黑派科技,8,1, 本科,北京,1509638400
政府关系经理,市场与销售,市场/营销,政府关系,趣理财,10,3, 本科,杭州,1509984000
政府关系经理,市场与销售,市场/营销,政府关系,中腾信,14,3, 本科,北京,1510136820
政府关系经理,市场与销售,市场/营销,政府关系,小蚁,15,5, 本科,北京,1510119060
政府关系经理,市场与销售,市场/营销,政府关系,百灵鸟,10,1, 本科,深圳,1509379200
政府关系总监(J10961),市场与销售,市场/营销,政府关系,沪江,30,5, 本科,北京,1510113660
政府关系总监,市场与销售,市场/营销,政府关系,奇点金服,40,5, 本科,北京,1509984000
政府关系总监,市场与销售,市场/营销,政府关系,蜜蜂出行,15,5, 不限,北京,1509552000
政府关系经理/高级经理,市场与销售,市场/营销,政府关系,敦煌网,10,5, 本科,北京,1510109520
政府关系,市场与销售,市场/营销,政府关系,Hellobike哈罗单车,5,3, 大专,唐山,1510107060
政府关系经理,市场与销售,市场/营销,政府关系,mobike摩拜单车,15,3, 本科,北京,1510120320
政府关系（专员）,市场与销售,市场/营销,政府关系,个推,6,1, 本科,杭州,1509552000
政府关系经理,市场与销售,市场/营销,政府关系,APUS Group,20,3, 本科,北京,1509984000
政府关系经理,市场与销售,市场/营销,政府关系,创业邦,8,1, 本科,北京,1507651200
政府关系经理,市场与销售,市场/营销,政府关系,运满满,15,5, 本科,北京,1507564800
政府关系专员,市场与销售,市场/营销,政府关系,美团点评,10,3, 本科,北京,1510108680
政府关系经理,市场与销售,市场/营销,政府关系,小赢科技,10,3, 本科,深圳,1509984000
政府关系经理,市场与销售,市场/营销,政府关系,碧虎科技,10,0, 本科,上海,1508342400
政府关系/市场,市场与销售,市场/营销,政府关系,爱家田螺,8,1, 本科,杭州,1508688000
政府关系经理,市场与销售,市场/营销,政府关系,3W集团,10,3, 本科,北京,1510107420
政府关系专员,市场与销售,市场/营销,政府关系,GALASPORTS,5,1, 本科,深圳,1509638400
政府关系,市场与销售,市场/营销,政府关系,知了青年,5,1, 大专,北京,1509379200
培优总部-政府关系主管/经理,市场与销售,市场/营销,政府关系,好未来,10,3, 本科,北京,1509984000
政府关系专员,市场与销售,市场/营销,政府关系,瓜子二手车直卖网,6,0, 本科,北京,1508688000
投资顾问,市场与销售,投资,投资顾问,亿鑫达,3,0, 不限,石家庄,1510131600
投资顾问,市场与销售,投资,投资顾问,善林金融,2,0, 不限,佛山,1510125600
投资顾问,市场与销售,投资,投资顾问,钱生钱咨询,10,1, 不限,北京,1510096320
高端投资顾问,市场与销售,投资,投资顾问,丽兹行,7,0, 本科,上海,1510140000
投资顾问,市场与销售,投资,投资顾问,广东中原地产科贸,8,0, 大专,广州,1510122120
金牌投资顾问,市场与销售,投资,投资顾问,骏嘉财通,6,0, 大专,北京,1510132560
理财投资顾问,市场与销售,投资,投资顾问,深圳市名瑞德国际金融服务有限公司,8,0, 大专,深圳,1510127160
投资顾问,市场与销售,投资,投资顾问,微贷网,6,0, 大专,杭州,1510112040
投资顾问,市场与销售,投资,投资顾问,宜信,15,1, 大专,北京,1510107420
证券投资顾问,市场与销售,投资,投资顾问,天金加银集团,8,1, 本科,天津,1509984000
投资顾问,市场与销售,投资,投资顾问,金大师,8,0, 大专,广州,1508774400
投资/理财顾问,市场与销售,投资,投资顾问,红上金融,4,1, 大专,无锡,1510105020
投资理财顾问,市场与销售,投资,投资顾问,央金所（杭州）科技有限公司,5,0, 不限,杭州,1510132800
投资顾问,市场与销售,投资,投资顾问,金融界网站（互联网证券）,8,1, 本科,北京,1510129500
投资顾问,市场与销售,投资,投资顾问,佛山巨投,2,0, 大专,佛山,1509897600
投资顾问,市场与销售,投资,投资顾问,丽兹行,8,1, 本科,上海,1510140000
金融销售/投资顾问,市场与销售,投资,投资顾问,互存金融,30,1, 大专,杭州,1510105620
投资顾问,市场与销售,投资,投资顾问,好买基金网（联想腾讯注资企业）,6,1, 大专,上海,1510104660
投资顾问,市场与销售,投资,投资顾问,中泉信息,5,0, 大专,长沙,1509984000
投资顾问,市场与销售,投资,投资顾问,圭顿金融,6,0, 大专,长沙,1507564800
投资顾问,市场与销售,投资,投资顾问,首证投顾,6,1, 本科,北京,1510103280
投资顾问,市场与销售,投资,投资顾问,联讯证券珠海营业部,4,1, 本科,珠海,1508860800
投资顾问,市场与销售,投资,投资顾问,钱生钱咨询,10,1, 不限,北京,1509984000
投资顾问,市场与销售,投资,投资顾问,上海森洋,8,0, 大专,郑州,1508860800
投资顾问（美股）,市场与销售,投资,投资顾问,中地控股,10,3, 本科,深圳,1510138800
投资顾问/业务主管,市场与销售,投资,投资顾问,央企背景综合性财富管理,10,1, 本科,北京,1509984000
投资顾问,市场与销售,投资,投资顾问,融铎网络,5,5, 本科,西安,1509897600
投资顾问,市场与销售,投资,投资顾问,万烨天华,4,0, 不限,青岛,1508515200
投资顾问,市场与销售,投资,投资顾问,奇点金服,10,0, 本科,北京,1509984000
投资顾问,市场与销售,投资,投资顾问,天津中金在线,8,0, 不限,天津,1510126260
高端投资顾问,市场与销售,投资,投资顾问,丽兹行,7,0, 本科,上海,1510140000
投资顾问,市场与销售,投资,投资顾问,钱生钱咨询,10,1, 不限,北京,1509897600
投资顾问,市场与销售,投资,投资顾问,奇点金服,10,0, 本科,深圳,1509984000
投资顾问,市场与销售,投资,投资顾问,股票雷达,5,0, 不限,北京,1509897600
投资顾问,市场与销售,投资,投资顾问,巨龙鼎,5,0, 大专,武汉,1509292800
投资顾问,市场与销售,投资,投资顾问,投哪儿大股东,4,0, 不限,广州,1509984000
投资顾问,市场与销售,投资,投资顾问,宸豪,3,0, 不限,杭州,1509984000
投资顾问,市场与销售,投资,投资顾问,佛山巨投,2,0, 大专,广州,1509897600
投资顾问,市场与销售,投资,投资顾问,中和阳光基金,8,3, 大专,深圳,1509552000
投资顾问/管理,市场与销售,投资,投资顾问,湘铭电子商务,5,0, 大专,长沙,1508860800
投资顾问,市场与销售,投资,投资顾问,国信深南中路营业部,10,0, 硕士,深圳,1509465600
投资顾问,市场与销售,投资,投资顾问,牛眼财经,3,0, 不限,西安,1508083200
客服经理/投资顾问,市场与销售,投资,投资顾问,图表家,4,1, 大专,上海,1509897600
投资顾问,市场与销售,投资,投资顾问,流畅世纪,6,0, 不限,北京,1509897600
投资顾问,市场与销售,投资,投资顾问,北京京深弘杰投资顾问有限公司,6,0, 不限,北京,1509984000
投资专员/投资顾问-底薪1万-1.3万/月,市场与销售,投资,投资顾问,丽兹行,10,1, 本科,北京,1509984000
投资顾问,市场与销售,投资,投资顾问,钱生钱咨询,10,1, 不限,北京,1510070400
投资顾问,市场与销售,投资,投资顾问,奇点金服,10,0, 本科,上海,1509984000
投资顾问,市场与销售,投资,投资顾问,富勤财富,7,1, 大专,天津,1509465600
投资顾问,市场与销售,投资,投资顾问,银来财富,6,0, 大专,上海,1509897600
投资顾问,市场与销售,投资,投资顾问,闹究萍,6,0, 大专,重庆,1509897600
投资顾问,市场与销售,投资,投资顾问,企鹅科技,6,0, 大专,广州,1509897600
投资顾问,市场与销售,投资,投资顾问,中孚财富,5,1, 本科,北京,1507564800
投资顾问,市场与销售,投资,投资顾问,赢世纪,8,1, 大专,深圳,1508083200
投资顾问,市场与销售,投资,投资顾问,易福投资,4,0, 不限,上海,1509897600
投资顾问,市场与销售,投资,投资顾问,兴合升平,8,0, 大专,北京,1509897600
投资顾问,市场与销售,投资,投资顾问,晟远投资,6,1, 大专,北京,1509379200
投资顾问,市场与销售,投资,投资顾问,中御熙川,4,0, 不限,武汉,1508428800
投资顾问,市场与销售,投资,投资顾问,华讯投资,5,1, 不限,上海,1509292800
投资理财顾问,市场与销售,投资,投资顾问,麦子金服,5,0, 大专,上海,1507910400
公关总监,市场与销售,高端职位,公关总监,懒财网,30,5, 本科,北京,1509984000
公关总监,市场与销售,高端职位,公关总监,阿拉丁信息科技,12,3, 本科,杭州,1510110900
高级公关经理/公关总监,市场与销售,高端职位,公关总监,e签宝,15,5, 本科,杭州,1510131300
公关总监,市场与销售,高端职位,公关总监,足球魔方,12,5, 本科,上海,1510139220
公关总监,市场与销售,高端职位,公关总监,钛铂新媒体,15,3, 大专,深圳,1510108140
公关总监,市场与销售,高端职位,公关总监,信而富,30,1, 本科,上海,1510104180
公关总监,市场与销售,高端职位,公关总监,格格家,25,5, 本科,杭州,1509638400
公关总监,市场与销售,高端职位,公关总监,智融集团,25,5, 本科,北京,1510132200
公关总监/经理,市场与销售,高端职位,公关总监,钱多多,8,3, 大专,长沙,1510111980
公关总监,市场与销售,高端职位,公关总监,文思海辉,25,1, 本科,北京,1510117500
公关总监,市场与销售,高端职位,公关总监,个推,20,3, 本科,杭州,1509552000
公关总监,市场与销售,高端职位,公关总监,光汇石油,21,5, 本科,上海,1510102920
公关总监,市场与销售,高端职位,公关总监,飞鱼科技,20,5, 本科,深圳,1509984000
公关总监,市场与销售,高端职位,公关总监,美豹金融,15,0, 本科,深圳,1510128720
公关总监,市场与销售,高端职位,公关总监,大鱼自助游,25,5, 本科,北京,1510106040
公关总监,市场与销售,高端职位,公关总监,格格家,25,5, 不限,杭州,1509638400
公关总监（一）,市场与销售,高端职位,公关总监,个推,20,3, 本科,杭州,1509552000
高级公关经理／公关总监,市场与销售,高端职位,公关总监,摩天轮,30,5, 本科,上海,1510108080
媒介/公关总监/经理,市场与销售,高端职位,公关总监,晟世天成科技,15,5, 本科,北京,1510122480
公关总监,市场与销售,高端职位,公关总监,考拉FM,20,5, 本科,北京,1510105500
市场/公关总监,市场与销售,高端职位,公关总监,通联数据,20,3, 本科,上海,1508860800
公关总监,市场与销售,高端职位,公关总监,知乎,25,5, 本科,北京,1508947200
公关总监,市场与销售,高端职位,公关总监,光汇石油,21,5, 本科,上海,1510102920
品牌公关总监,市场与销售,高端职位,公关总监,方欣科技,25,5, 本科,广州,1510140420
品牌公关总监,市场与销售,高端职位,公关总监,有鱼金融科技,10,3, 本科,上海,1509984000
公关总监,市场与销售,高端职位,公关总监,物灵,20,5, 本科,北京,1510130040
公关总监,市场与销售,高端职位,公关总监,Keep,30,5, 本科,北京,1507478400
品牌公关总监,市场与销售,高端职位,公关总监,汇桔网,25,5, 不限,北京,1510105380
媒体公关总监,市场与销售,高端职位,公关总监,探探,15,3, 本科,北京,1509897600
公关总监（PR Director）,市场与销售,高端职位,公关总监,触宝科技,30,5, 本科,上海,1510108500
高级公关总监,市场与销售,高端职位,公关总监,个推,20,1, 本科,杭州,1508342400
品牌公关总监,市场与销售,高端职位,公关总监,方欣科技,40,5, 本科,广州,1510140240
公关总监,市场与销售,高端职位,公关总监,百信银行,35,5, 本科,北京,1507737600
品牌公关总监,市场与销售,高端职位,公关总监,装小蜜,15,5, 本科,北京,1510105260
品牌公关总监,市场与销售,高端职位,公关总监,OUTMAN淘汰郎,18,3, 本科,北京,1509984000
高级公关总监,市场与销售,高端职位,公关总监,货圈全,25,5, 本科,北京,1509984000
品牌公关总监,市场与销售,高端职位,公关总监,麦子金服,30,5, 本科,上海,1508169600
QQ音乐公关总监,市场与销售,高端职位,公关总监,腾讯,20,1, 本科,深圳,1510105440
品牌公关总监,市场与销售,高端职位,公关总监,青之芽,8,3, 本科,南京,1509033600
公关总监,市场与销售,高端职位,公关总监,新蜜蜂,10,0, 不限,深圳,1508083200
优秀媒体公关总监-PR总监,市场与销售,高端职位,公关总监,哈匹投资,15,5, 本科,深圳,1509638400
公关总监（PR Director）,市场与销售,高端职位,公关总监,触宝科技,30,5, 本科,北京,1510108500
媒体公关总监,市场与销售,高端职位,公关总监,闪送,20,3, 本科,北京,1510107240
公关总监（秒拍&小咖秀&一直播）,市场与销售,高端职位,公关总监,一下集团,20,5, 本科,北京,1510105080
PR总监／公关总监／品牌总监,市场与销售,高端职位,公关总监,昂道金融,20,3, 大专,上海,1509897600
专利专员,职能,法务,专利,Putao,5,1, 不限,上海,1510107060
专利/知识产权工程师,职能,法务,专利,有品 PICOOC,10,0, 本科,深圳,1510105560
专利代理人,职能,法务,专利,ofo,15,3, 本科,北京,1510122900
专利工程师,职能,法务,专利,智美达,10,1, 本科,深圳,1510108080
专利工程师,职能,法务,专利,智慧芽,10,1, 本科,苏州,1509897600
专利专员,职能,法务,专利,斐讯通信,5,1, 本科,上海,1508774400
法律部-专利专员,职能,法务,专利,搜狗,15,5, 本科,北京,1510133220
专利工程师,职能,法务,专利,蓝海智能,7,1, 本科,上海,1510102500
专利代理人,职能,法务,专利,展翅,8,0, 不限,北京,1509984000
专利工程师,职能,法务,专利,Darma,8,1, 本科,深圳,1509897600
专利顾问,职能,法务,专利,铭一知识产权,4,0, 大专,郑州,1509984000
专利工程师,职能,法务,专利,奥比中光,8,1, 本科,深圳,1510131900
专利工程师,职能,法务,专利,中电数通,8,1, 本科,深圳,1509984000
知识产权/专利专员,职能,法务,专利,蒜泥众创,3,1, 本科,西安,1509897600
专利代理人,职能,法务,专利,三和专利,6,0, 本科,上海,1509897600
专利总监,职能,法务,专利,Putao,20,5, 本科,上海,1510107060
专利工程师,职能,法务,专利,Darma,8,1, 本科,深圳,1510126800
专利工程师（急）,职能,法务,专利,有品 PICOOC,6,1, 本科,北京,1510105560
专利工程师,职能,法务,专利,roobo,10,3, 本科,北京,1510131420
专利工程师,职能,法务,专利,九五智驾,8,1, 本科,北京,1510101420
专利工程师,职能,法务,专利,斐讯通信,7,3, 本科,上海,1508774400
专利工程师,职能,法务,专利,Realmax,6,3, 本科,上海,1509033600
专利工程师,职能,法务,专利,武汉维创品智专利代理事务所,6,0, 本科,武汉,1510106460
专利专员,职能,法务,专利,AICVS 无人店科技,8,1, 本科,北京,1509897600
专利代理人/专利工程师,职能,法务,专利,广东海石公司,8,1, 本科,广州,1510109280
专利工程师,职能,法务,专利,邦马特,10,3, 本科,深圳,1509984000
销售助理/商标/专利,职能,法务,专利,路浩知识产权代理,6,0, 大专,深圳,1507651200
专利工程师,职能,法务,专利,京东商城,10,5, 本科,北京,1509033600
专利代理人,职能,法务,专利,中细软集团,3,0, 本科,天津,1509033600
专利代理人,职能,法务,专利,成都虹盛,5,1, 本科,成都,1508083200
专利顾问,职能,法务,专利,中细软集团,4,0, 大专,天津,1507651200
专利代理人,职能,法务,专利,智圈,10,1, 本科,深圳,1509984000
专利、政府项目申报专员,职能,法务,专利,优美创新,7,1, 大专,深圳,1509120000
专利工程师,职能,法务,专利,联合知识产权,6,1, 本科,深圳,1509638400
专利工程师,职能,法务,专利,深圳市橙果知识产权,6,1, 本科,深圳,1509897600
专利代理人,职能,法务,专利,深圳伟邦,10,1, 大专,深圳,1509465600
专利工程师,职能,法务,专利,1MORE,8,0, 本科,深圳,1509897600
专利代理人,职能,法务,专利,翼叶声知识产权,3,0, 本科,深圳,1508428800
专利工程师,职能,法务,专利,精锋医疗,13,1, 本科,深圳,1509897600
知识产权法务（专利方向）/专利工程师,职能,法务,专利,Bigo,10,0, 本科,广州,1509552000
专利工程师,职能,法务,专利,京东商城,8,3, 本科,北京,1509033600
专利工程师,职能,法务,专利,杭州摩汀科技有限公司,4,1, 本科,杭州,1507910400
专利代理人及助理（电学）,职能,法务,专利,浩天知识产权代理事务所,4,0, 本科,北京,1510127100
产权/专利顾问,职能,法务,专利,北标,12,1, 大专,北京,1509984000
专利工程师,职能,法务,专利,小享科技,8,3, 本科,广州,1510139220
会计,金融,审计税务,会计,泛微,4,1, 本科,上海,1510109160
会计,金融,审计税务,会计,拉勾网,8,3, 本科,北京,1509638400
会计,金融,审计税务,会计,随手科技,6,3, 本科,深圳,1510132020
会计,金融,审计税务,会计,玩乐付,10,3, 本科,北京,1510132200
会计,金融,审计税务,会计,智度亦复,5,1, 大专,上海,1510109580
会计,金融,审计税务,会计,小源科技,5,3, 大专,珠海,1510113060
会计,金融,审计税务,会计,孚嘉科技,6,1, 本科,杭州,1510135740
会计,金融,审计税务,会计,指纹科技,4,1, 本科,厦门,1509984000
会计,金融,审计税务,会计,浙江聚有财,4,1, 大专,杭州,1510104000
会计,金融,审计税务,会计,河马牙医,6,1, 本科,上海,1510126920
会计,金融,审计税务,会计,租我么,5,3, 不限,厦门,1510123020
会计,金融,审计税务,会计,麦优,5,3, 本科,广州,1510111980
会计,金融,审计税务,会计,南京悦才信息科技有限公司,4,1, 本科,南京,1510105740
会计,金融,审计税务,会计,天金加银集团,3,1, 大专,天津,1509984000
会计,金融,审计税务,会计,卓越教育集团,6,0, 本科,广州,1510105020
会计,金融,审计税务,会计,泛微,4,1, 本科,上海,1510109160
会计,金融,审计税务,会计,浙江聚有财,4,0, 本科,杭州,1510104000
会计,金融,审计税务,会计,文网亿联,4,3, 本科,武汉,1510113360
会计,金融,审计税务,会计,上海卫诚,5,3, 不限,上海,1510104600
会计,金融,审计税务,会计,哗啦啦,4,1, 本科,九江,1510137900
会计,金融,审计税务,会计,蜂融网络,5,1, 本科,杭州,1509984000
会计,金融,审计税务,会计,捷通华声,8,3, 本科,北京,1510105020
会计,金融,审计税务,会计,DataStory,5,3, 本科,广州,1510107240
会计,金融,审计税务,会计,新精准传媒,3,1, 本科,武汉,1510109280
财务/会计,金融,审计税务,会计,动动,10,3, 本科,北京,1509984000
会计,金融,审计税务,会计,易乎社区,5,1, 本科,上海,1509984000
会计（新疆）,金融,审计税务,会计,谷川联行,4,0, 不限,伊犁,1509984000
会计,金融,审计税务,会计,达内集团,4,1, 大专,南京,1510105740
会计（溢彩）,金融,审计税务,会计,互联新网,5,1, 大专,北京,1510133220
会计,金融,审计税务,会计,51公积金,6,3, 本科,杭州,1510113240
会计,金融,审计税务,会计,泛微,6,1, 本科,上海,1510109160
会计,金融,审计税务,会计,浙江聚有财,4,0, 本科,杭州,1510104000
会计,金融,审计税务,会计,皇台金服,5,3, 大专,杭州,1509897600
会计,金融,审计税务,会计,多拉智能,8,3, 本科,北京,1510105440
会计,金融,审计税务,会计,绿漫科技,8,5, 本科,杭州,1510104780
会计,金融,审计税务,会计,蜜芽,5,1, 本科,北京,1509984000
会计,金融,审计税务,会计,大搜车,6,3, 本科,杭州,1510104480
会计,金融,审计税务,会计,碧橙网络,8,3, 大专,杭州,1510104840
会计J10918,金融,审计税务,会计,太平洋网络有限公司,4,1, 本科,广州,1509984000
会计,金融,审计税务,会计,筑家易,3,1, 大专,杭州,1509984000
会计,金融,审计税务,会计,企朋,4,1, 本科,杭州,1509984000
会计,金融,审计税务,会计,爱回收,8,3, 本科,上海,1509984000
会计,金融,审计税务,会计,什么值得买,7,1, 本科,北京,1510105920
会计,金融,审计税务,会计,青墨科技,5,1, 本科,上海,1510105260
会计,金融,审计税务,会计,亚美,5,3, 本科,广州,1509984000
会计,金融,审计税务,会计,北京海顿中科技术有限公司,7,3, 本科,北京,1510104960
会计,金融,审计税务,会计,多多理财,4,1, 大专,杭州,1509897600
会计,金融,审计税务,会计,青墨科技,4,1, 大专,上海,1510133400
会计,金融,审计税务,会计,博车汇名车馆,3,0, 本科,杭州,1510128060
会计,金融,审计税务,会计,同牛科技,4,1, 大专,杭州,1510121640
会计,金融,审计税务,会计,电竞虎,5,1, 本科,上海,1510109280
会计,金融,审计税务,会计,四川华成微彩,4,3, 大专,重庆,1510132140
会计,金融,审计税务,会计,蒲公英文化传媒,3,1, 大专,保定,1510112700
会计,金融,审计税务,会计,融配达,3,1, 大专,佛山,1510103040
会计,金融,审计税务,会计,悟空租车,6,1, 本科,北京,1510124040
会计,金融,审计税务,会计,百善生命,4,1, 大专,郑州,1510108380
会计,金融,审计税务,会计,功夫贷,8,0, 本科,杭州,1510142820
会计,金融,审计税务,会计,海平方,4,3, 本科,西安,1510135080
会计,金融,审计税务,会计,华昕影院,7,3, 大专,上海,1510119540
会计,金融,审计税务,会计,博康财税,2,0, 不限,太原,1510127220
高级java开发工程师/专家/高级专家,技术,后端开发,Java,蚂蚁金服集团,20,0, 本科,成都,1509292800
JAVA开发工程师,技术,后端开发,Java,贝米钱包,15,0, 本科,上海,1510130040
Java开发工程师,技术,后端开发,Java,拉勾网,15,3, 本科,北京,1510107960
JAVA,技术,后端开发,Java,曙奇互娱,13,3, 本科,上海,1510125540
Java,技术,后端开发,Java,泛微,12,3, 大专,上海,1510109160
Java开发工程师,技术,后端开发,Java,中金支付有限公司,10,1, 本科,北京,1509552000
Java开发,技术,后端开发,Java,灿福科技,12,3, 本科,上海,1510137360
java开发工程师,技术,后端开发,Java,小米,18,3, 本科,北京,1510135320
Java研发,技术,后端开发,Java,上海宏鹿信息技术服务有限公司,15,3, 本科,上海,1510138560
JAVA开发工程师,技术,后端开发,Java,尚德机构,15,1, 本科,武汉,1510112280
Java开发工程师,技术,后端开发,Java,有鱼金融科技,16,3, 本科,上海,1510102620
JAVA工程师,技术,后端开发,Java,桔子分期,8,3, 本科,大连,1510136640
Java开发工程师,技术,后端开发,Java,CLPS,14,3, 本科,广州,1510132440
Java开发工程师,技术,后端开发,Java,汇桔网,10,3, 本科,广州,1510122240
Java,技术,后端开发,Java,壹米滴答,15,5, 大专,上海,1510101480
Java工程师,技术,后端开发,Java,拉勾网,15,3, 本科,北京,1509897600
java开发,技术,后端开发,Java,泛微,13,3, 本科,上海,1510109160
java开发工程师,技术,后端开发,Java,尚德机构,15,3, 本科,武汉,1510119000
Java工程师,技术,后端开发,Java,洋钱罐,10,1, 硕士,北京,1510133940
Java开发工程师,技术,后端开发,Java,上海你我贷互联网金融信息服务,18,3, 本科,上海,1510128540
JAVA工程师,技术,后端开发,Java,51社保网,18,5, 本科,北京,1510127820
Java开发,技术,后端开发,Java,文思海辉,10,3, 大专,杭州,1510126140
Java,技术,后端开发,Java,乐天创研,21,3, 本科,上海,1510104360
Java开发工程师,技术,后端开发,Java,链家上海研发中心,15,3, 本科,上海,1509984000
Java工程师,技术,后端开发,Java,ENJOY,15,1, 本科,北京,1510124640
java开发工程师,技术,后端开发,Java,京东商城,15,3, 本科,北京,1510120860
JAVA,技术,后端开发,Java,大众出行,15,3, 本科,上海,1510112340
Java开发工程师,技术,后端开发,Java,开科唯识,7,1, 本科,佛山,1510111080
Java,技术,后端开发,Java,浙江执御信息技术有限公司,15,3, 大专,杭州,1510103460
Java开发,技术,后端开发,Java,有鱼金融科技,15,3, 本科,上海,1510103220
Java工程师,技术,后端开发,Java,拉勾网,15,5, 本科,北京,1509897600
java开发,技术,后端开发,Java,泛微,12,1, 本科,上海,1510109160
Java工程师,技术,后端开发,Java,洋钱罐,10,1, 本科,北京,1510133820
Java开发工程师,技术,后端开发,Java,51社保网,18,5, 本科,北京,1510127820
JAVA开发工程师,技术,后端开发,Java,尚德机构,10,3, 本科,北京,1510122720
JAVA开发工程师,技术,后端开发,Java,文思海辉,15,5, 本科,北京,1510122480
Java开发工程师,技术,后端开发,Java,乐天创研,10,3, 本科,大连,1510104360
Java,技术,后端开发,Java,壹米滴答,15,3, 本科,上海,1510101480
java开发工程师,技术,后端开发,Java,金证股份,7,3, 本科,上海,1510123200
Java开发,技术,后端开发,Java,有鱼金融科技,15,1, 本科,上海,1510113480
Java开发工程师,技术,后端开发,Java,江苏亿科达,10,3, 大专,上海,1510105260
Java开发工程师,技术,后端开发,Java,zilliz,15,3, 本科,上海,1510103820
Java开发工程师,技术,后端开发,Java,链家上海研发中心,15,3, 本科,上海,1509984000
Java开发工程师,技术,后端开发,Java,趣丸,8,1, 本科,广州,1510121400
Java开发工程师,技术,后端开发,Java,360,15,3, 本科,北京,1508256000
Python工程师/Perl工程师/Php工程师,技术,后端开发,Perl,航旅天空,8,3, 本科,广州,1507651200
ruby开发工程师,技术,后端开发,Ruby,360企业安全,15,3, 不限,北京,1510134060
Ruby开发工程师,技术,后端开发,Ruby,Udesk－企业级智能客服平台,10,1, 本科,北京,1510119300
Ruby 开发,技术,后端开发,Ruby,新希望软件,9,1, 本科,宁波,1510119420
Ruby,技术,后端开发,Ruby,北京盛安德,10,3, 本科,武汉,1510133820
Ruby开发工程师,技术,后端开发,Ruby,新氧盒子,20,1, 本科,北京,1510105020
Ruby,技术,后端开发,Ruby,中电博亚,15,3, 本科,杭州,1510107480
Ruby开发工程师,技术,后端开发,Ruby,tap4fun,15,0, 本科,成都,1510105440
Ruby开发工程师,技术,后端开发,Ruby,机智云,8,1, 大专,广州,1510110120
Ruby 工程师,技术,后端开发,Ruby,无二之旅,12,0, 本科,北京,1510109820
高级ruby开发工程师,技术,后端开发,Ruby,掌门集团,15,3, 本科,上海,1510107780
Ruby 工程师,技术,后端开发,Ruby,Strikingly,15,0, 不限,上海,1510110600
Ruby开发工程师,技术,后端开发,Ruby,金山办公软件,15,0, 大专,珠海,1509897600
Ruby 开发工程师,技术,后端开发,Ruby,智慧工场,9,1, 大专,成都,1509897600
资深Ruby工程师,技术,后端开发,Ruby,英语流利说,20,3, 本科,上海,1509897600
Ruby开发工程师,技术,后端开发,Ruby,脚印数据,15,3, 大专,深圳,1509897600
自然语言处理,技术,人工智能,自然语言处理,360,25,3, 本科,北京,1510111260
自然语言处理,技术,人工智能,自然语言处理,普强信息,15,0, 本科,北京,1510111920
自然语言处理,技术,人工智能,自然语言处理,滴滴出行,20,3, 本科,杭州,1510123680
自然语言处理工程师,技术,人工智能,自然语言处理,江村市隐,20,3, 硕士,上海,1510127880
自然语言处理,技术,人工智能,自然语言处理,智慧芽,15,1, 本科,苏州,1509897600
自然语言处理,技术,人工智能,自然语言处理,美团点评,30,3, 本科,北京,1510070700
自然语言处理科学家/工程师（NLP）,技术,人工智能,自然语言处理,京东金融,25,0, 博士,北京,1510129320
AI技术专家-自然语言处理方向,技术,人工智能,自然语言处理,金蝶,25,5, 本科,深圳,1510107000
自然语言处理工程师,技术,人工智能,自然语言处理,泛微,30,3, 本科,上海,1510136940
自然语言处理,技术,人工智能,自然语言处理,Udesk－企业级智能客服平台,30,5, 硕士,北京,1510103820
自然语言处理工程师,技术,人工智能,自然语言处理,广州棒谷网络科技有限公司,12,1, 硕士,广州,1510103700
NLP,技术,人工智能,自然语言处理,时光网-Mtime,30,5, 硕士,北京,1510109520
自然语言处理,技术,人工智能,自然语言处理,爱狄特,20,3, 硕士,北京,1510133100
自然语言处理工程师,技术,人工智能,自然语言处理,美柚,10,1, 硕士,厦门,1510123200
自然语言处理工程师,技术,人工智能,自然语言处理,丝路天地,15,1, 本科,深圳,1510105140
自然语言处理工程师,技术,人工智能,自然语言处理,360,20,5, 本科,北京,1509292800
NLP工程师,技术,人工智能,自然语言处理,智慧芽,15,1, 本科,苏州,1509897600
自然语言处理（资深 或 专家）,技术,人工智能,自然语言处理,美团点评,35,1, 硕士,北京,1510070700
NLP（自然语言处理）,技术,人工智能,自然语言处理,Udesk－企业级智能客服平台,15,3, 本科,北京,1510119300
自然语言处理工程师,技术,人工智能,自然语言处理,泛微,20,1, 硕士,上海,1510103880
自然语言处理,技术,人工智能,自然语言处理,普强信息,25,0, 不限,北京,1509984000
自然语言处理,技术,人工智能,自然语言处理,阡寻,10,1, 硕士,长沙,1510126860
自然语言处理工程师,技术,人工智能,自然语言处理,深圳非凡之星网络科技有限公司,20,1, 本科,深圳,1510131660
自然语言处理工程师,技术,人工智能,自然语言处理,汽车之家,20,3, 硕士,北京,1510126320
自然语言处理工程师,技术,人工智能,自然语言处理,国美互联网,20,1, 本科,北京,1509984000
自然语言处理工程师,技术,人工智能,自然语言处理,逸途科技,35,0, 硕士,北京,1509984000
自然语言处理工程师,技术,人工智能,自然语言处理,颐圣智能,15,3, 硕士,北京,1510107900
架构师-NLP自然语言处理,技术,人工智能,自然语言处理,金蝶,20,5, 本科,深圳,1509984000
自然语言处理工程师,技术,人工智能,自然语言处理,思必驰科技,15,1, 硕士,苏州,1509984000
NLP研究员,技术,人工智能,自然语言处理,华卓科技,10,0, 博士,杭州,1510106700
自然语言处理工程师,技术,人工智能,自然语言处理,泛微,20,1, 硕士,上海,1510103640
NLP工程师,技术,人工智能,自然语言处理,逸途科技,20,1, 硕士,北京,1509984000
自然语言处理工程师,技术,人工智能,自然语言处理,汽车之家,20,3, 硕士,北京,1510126320
NLP自然语言处理工程师,技术,人工智能,自然语言处理,智慧芽,20,0, 博士,上海,1509897600
自然语言处理算法工程师,技术,人工智能,自然语言处理,360,20,1, 硕士,北京,1510111260
NLP工程师,技术,人工智能,自然语言处理,复星金服,10,3, 本科,上海,1510104900
自然语言处理工程师,技术,人工智能,自然语言处理,网龙网络有限公司,15,1, 硕士,苏州,1510102260
算法工程师－NLP自然语言处理,技术,人工智能,自然语言处理,阿西莫夫,20,3, 硕士,深圳,1509984000
自然语言处理研究员,技术,人工智能,自然语言处理,思必驰科技,15,1, 硕士,苏州,1509984000
NLP工程师,技术,人工智能,自然语言处理,阿博茨科技,12,1, 本科,武汉,1510121700
自然语言NLP处理工程师,技术,人工智能,自然语言处理,探知数据,15,1, 本科,上海,1510133760
自然语言处理工程师,技术,人工智能,自然语言处理,小米,18,3, 本科,北京,1510105200
自然语言处理工程师,技术,人工智能,自然语言处理,誉存科技,8,3, 本科,重庆,1509984000
自然语言处理/机器学习研究员,技术,人工智能,自然语言处理,爱奇艺,20,3, 本科,北京,1510105680
自然语言处理工程师,技术,人工智能,自然语言处理,泰迪智慧,12,3, 硕士,武汉,1510111200
网络工程师,技术,运维,网络工程师,小摩豆,5,3, 本科,深圳,1510137720
网络工程师,技术,运维,网络工程师,泛微,8,1, 大专,上海,1510103940
网络工程师,技术,运维,网络工程师,华润置地,12,3, 本科,深圳,1510070400
网络工程师,技术,运维,网络工程师,华云数据,15,3, 本科,上海,1510106640
网络工程师,技术,运维,网络工程师,链家上海研发中心,12,3, 本科,上海,1509984000
网络工程师,技术,运维,网络工程师,金蝶,8,1, 本科,深圳,1510122540
网络工程师,技术,运维,网络工程师,米趣科技,5,1, 本科,杭州,1510107900
网络工程师,技术,运维,网络工程师,华卓科技,5,1, 本科,杭州,1510106700
网络工程师,技术,运维,网络工程师,广州麒云萱韬信息科技有限公司,15,3, 本科,广州,1510108860
网络工程师,技术,运维,网络工程师,海云数据,8,1, 大专,北京,1509984000
网络工程师,技术,运维,网络工程师,斗米兼职,12,5, 本科,北京,1510112880
网络工程师,技术,运维,网络工程师,天玑科技,7,1, 大专,南京,1510120200
网络工程师,技术,运维,网络工程师,纳里健康,8,1, 大专,杭州,1509984000
网络工程师,技术,运维,网络工程师,网易游戏,5,1, 本科,广州,1509984000
网络工程师,技术,运维,网络工程师,云知声,10,3, 本科,北京,1510109580
高级网络工程师,技术,运维,网络工程师,泛微,10,1, 本科,上海,1510103640
网络工程师,技术,运维,网络工程师,瞬联软件科技（北京）有限公司,8,0, 本科,上海,1510093380
网络工程师,技术,运维,网络工程师,万向区块链,20,5, 本科,上海,1509984000
网络工程师,技术,运维,网络工程师,南软,8,3, 本科,北京,1510111560
网络工程师,技术,运维,网络工程师,厦门节点,7,3, 本科,厦门,1510101060
网络工程师,技术,运维,网络工程师,投哪网,6,1, 大专,深圳,1510106160
网络工程师,技术,运维,网络工程师,租租车,4,0, 本科,大连,1510132680
网络工程师,技术,运维,网络工程师,好未来,3,1, 本科,镇江,1510112640
网络工程师,技术,运维,网络工程师,环球易购,5,1, 大专,深圳,1510107240
网络工程师,技术,运维,网络工程师,上海你我贷互联网金融信息服务,15,3, 本科,上海,1509984000
网络工程师,技术,运维,网络工程师,小泰科技,10,3, 大专,杭州,1509984000
网络工程师,技术,运维,网络工程师,跟谁学,10,3, 本科,北京,1510110120
网络工程师,技术,运维,网络工程师,新华云帆,5,1, 大专,深圳,1510108260
网络工程师,技术,运维,网络工程师,四川商通实业有限公司,6,1, 大专,成都,1509984000
网络工程师,技术,运维,网络工程师,广州中软,6,1, 本科,昆明,1509897600
网络工程师,技术,运维,网络工程师,投哪网,6,1, 大专,深圳,1510106160
网络工程师,技术,运维,网络工程师,八维通科技,8,1, 本科,杭州,1509984000
网络工程师,技术,运维,网络工程师,浙江新再灵科技股份有限公司,5,1, 本科,杭州,1510127460
网络工程师,技术,运维,网络工程师,游族网络,18,3, 不限,上海,1510108800
网络工程师,技术,运维,网络工程师,玖融网,4,0, 大专,武汉,1509984000
驻点网络工程师,技术,运维,网络工程师,广州中软,3,0, 本科,昆明,1509897600
仓店网络工程师,技术,运维,网络工程师,当当网,4,1, 大专,武汉,1510126380
网络工程师,技术,运维,网络工程师,缔安,5,0, 不限,上海,1510107600
网络工程师,技术,运维,网络工程师,陌陌,20,3, 本科,北京,1510106580
网络工程师,技术,运维,网络工程师,盛世全景,6,1, 本科,深圳,1510103640
资深网络工程师,技术,运维,网络工程师,云盾,18,3, 本科,上海,1510103880
网络工程师,技术,运维,网络工程师,Altenchina,10,3, 大专,上海,1509984000
网络工程师,技术,运维,网络工程师,上海澜湾,4,0, 大专,上海,1510132680
网络工程师,技术,运维,网络工程师,天玑科技,15,3, 大专,上海,1510120200
网络工程师,技术,运维,网络工程师,积信,8,0, 不限,珠海,1510115340
MySQL,技术,DBA,MySQL,武汉佰钧成技术有限公司,15,3, 大专,深圳,1510101960
MySQL,技术,DBA,MySQL,浙江执御信息技术有限公司,15,1, 本科,杭州,1509984000
MySQL,技术,DBA,MySQL,爱可生,10,0, 不限,上海,1510132380
mysql工程师,技术,DBA,MySQL,恒信永利,13,0, 大专,深圳,1510119900
MySQL,技术,DBA,MySQL,京东金融,10,3, 本科,北京,1510108800
数据库DBA/MySql,技术,DBA,MySQL,绿漫科技,20,5, 本科,杭州,1510104780
MYSQL 工程师,技术,DBA,MySQL,新炬网络,10,3, 大专,佛山,1509552000
MySQL DBA,技术,DBA,MySQL,销冠科技,15,5, 本科,杭州,1510124640
MySQL DBA,技术,DBA,MySQL,史蒂夫软件,10,3, 大专,深圳,1510107300
MYSQL DBA,技术,DBA,MySQL,人人快送,12,3, 本科,成都,1510102620
MySQL DBA,技术,DBA,MySQL,金运通支付,7,1, 本科,上海,1509984000
mysql开发工程师,技术,DBA,MySQL,雅堂控股集团,20,3, 大专,深圳,1509984000
MySQL DBA,技术,DBA,MySQL,AbleSky,10,1, 本科,北京,1510108800
MySQL DBA,技术,DBA,MySQL,理工数字,8,3, 本科,武汉,1510102860
MySQL DBA,技术,DBA,MySQL,南京领添,10,3, 不限,南京,1510133520
mysql 开发,技术,DBA,MySQL,恒信永利,15,3, 大专,深圳,1510123920
mysql开发工程师,技术,DBA,MySQL,雅堂控股集团,15,3, 大专,深圳,1509984000
MySQL DBA,技术,DBA,MySQL,齐家网,10,3, 本科,厦门,1510109880
资深DBA-MySQL,技术,DBA,MySQL,FreeWheel,20,3, 本科,北京,1509379200
Mysql Dba,技术,DBA,MySQL,新炬网络,10,3, 大专,郑州,1509984000
Mysql DBA,技术,DBA,MySQL,绿湾,15,0, 不限,杭州,1509984000
MySQL DBA,技术,DBA,MySQL,深圳中业兴融,15,3, 本科,深圳,1509897600
MySQL-DBA,技术,DBA,MySQL,广州棒谷网络科技有限公司,10,1, 大专,广州,1508688000
MySQL,技术,DBA,MySQL,理奥,3,0, 本科,成都,1509897600
MYSQL DBA,技术,DBA,MySQL,天玑科技,10,1, 本科,南京,1509379200
MySQL DBA,技术,DBA,MySQL,小米,15,3, 本科,北京,1509897600
DBA（MySQL） ?,技术,DBA,MySQL,我来贷WeLab,15,5, 大专,深圳,1509984000
MySQL DBA,技术,DBA,MySQL,竞技世界,15,3, 本科,北京,1510118340
MySQL DBA,技术,DBA,MySQL,浙江共生互联科技有限公司,15,0, 不限,深圳,1509897600
MYSQL DBA,技术,DBA,MySQL,平安好房,12,1, 本科,上海,1509984000
【紧急】资深DBA-MySQL,技术,DBA,MySQL,FreeWheel,20,3, 本科,北京,1509379200
Mysql DBA,技术,DBA,MySQL,新炬网络,10,1, 大专,郑州,1509552000
MySQL DBA,技术,DBA,MySQL,木瓜科技,15,3, 本科,杭州,1508774400
MySQL DBA工程师,技术,DBA,MySQL,通联数据,15,1, 本科,上海,1510104360
MySQL DBA（SH）,技术,DBA,MySQL,爱可生,10,0, 本科,上海,1510132380
MySQL DBA,技术,DBA,MySQL,掌众金服,25,5, 本科,北京,1510108800
MySQL DBA,技术,DBA,MySQL,恒昌利通,14,3, 本科,北京,1510103760
DBA工程师(Mysql),技术,DBA,MySQL,达达-京东到家,20,1, 本科,上海,1509984000
MySQL DBA,技术,DBA,MySQL,本木医疗,18,3, 大专,北京,1510109400
MySQL DBA 顾问 兼职,技术,DBA,MySQL,百胜扬,15,5, 本科,深圳,1510105080
mysql dba,技术,DBA,MySQL,shsnc,15,5, 大专,郑州,1509897600
DBA（MySQL方向）,技术,DBA,MySQL,哔哩哔哩,15,3, 本科,上海,1510111020
Mysql DBA,技术,DBA,MySQL,第一房贷,15,3, 本科,北京,1509897600
mysql dba,技术,DBA,MySQL,浙江远图互联科技股份有限公司,10,3, 不限,杭州,1509897600
Mysql DBA,技术,DBA,MySQL,武汉佰钧成技术有限公司,14,5, 不限,深圳,1509552000
电路设计（2人）,技术,硬件开发,电路设计,蓝联科技,4,1, 大专,杭州,1510119120
电路设计,技术,硬件开发,电路设计,超节点,10,3, 本科,深圳,1510104420
交换机电路设计,技术,硬件开发,电路设计,明瑞电子,4,1, 本科,成都,1510106760
电路设计师,技术,硬件开发,电路设计,小号科技,15,1, 本科,北京,1509724800
电路设计工程师,技术,硬件开发,电路设计,轻客智能,10,3, 不限,北京,1508169600
电路设计工程师,技术,硬件开发,电路设计,便利蜂,18,3, 本科,北京,1509465600
硬件开发/PCB工艺/电子工程师/电路设计,技术,硬件开发,电路设计,森锐科技,7,5, 大专,广州,1509984000
模拟电路设计工程师,技术,硬件开发,电路设计,梦芯科技,9,3, 硕士,武汉,1509897600
电路设计工程师,技术,硬件开发,电路设计,沐羽科技,6,0, 本科,北京,1507392000
电子电路设计师,技术,硬件开发,电路设计,北京航天盛凯科技有限公司,15,3, 本科,北京,1510070400
硬件（电路设计）工程师,技术,硬件开发,电路设计,智微信科,8,3, 大专,杭州,1509897600
高级存储器电路设计工程师,技术,硬件开发,电路设计,华N半导体,10,3, 硕士,哈尔滨,1508947200
开关电源电路设计,技术,硬件开发,电路设计,昊瑞昌,8,0, 不限,北京,1508256000
模拟集成电路设计工程师（HXY）,技术,硬件开发,电路设计,浙江省微波毫米波射频产业联盟,10,1, 硕士,杭州,1509897600
硬件开发助理（单片机、电路设计）,技术,硬件开发,电路设计,希大科技,7,1, 大专,北京,1509552000
集成电路设计师,技术,硬件开发,电路设计,华N半导体,6,0, 本科,哈尔滨,1508947200
硬件工程师助理（电路设计、单片机）,技术,硬件开发,电路设计,希大科技,7,1, 大专,北京,1509552000
硬件工程师（视频处理系统电路设计）,技术,硬件开发,电路设计,杭州一隅千象科技有限公司,7,1, 本科,杭州,1508342400
产品实习生,产品,产品经理,产品实习生,人人网,3,0, 本科,北京,1510122720
产品实习生,产品,产品经理,产品实习生,有鱼金融科技,5,0, 本科,上海,1510103220
产品实习生,产品,产品经理,产品实习生,彪洋科技,4,0, 本科,北京,1510109940
产品实习生,产品,产品经理,产品实习生,新浪网,1,0, 本科,北京,1510108740
产品经理实习生,产品,产品经理,产品实习生,猪八戒网,2,0, 本科,北京,1510129200
产品实习,产品,产品经理,产品实习生,言之有物科技,4,0, 本科,北京,1510108860
商业产品实习生,产品,产品经理,产品实习生,斗米兼职,2,0, 本科,北京,1510112880
产品实习生,产品,产品经理,产品实习生,闪银奇异,4,0, 本科,北京,1510129440
产品助理（实习生）,产品,产品经理,产品实习生,智慧星光,2,0, 本科,北京,1510108380
产品实习生（兼职）,产品,产品经理,产品实习生,丁香园,2,0, 本科,杭州,1510106760
产品实习生,产品,产品经理,产品实习生,同道大叔,1,0, 本科,深圳,1510105860
产品实习生,产品,产品经理,产品实习生,随手科技,2,0, 本科,深圳,1509984000
产品实习生,产品,产品经理,产品实习生,格上添富,4,0, 本科,北京,1509984000
产品实习生,产品,产品经理,产品实习生,人人行(借贷宝),3,0, 本科,北京,1509897600
产品引入实习生,产品,产品经理,产品实习生,聪盛网络,2,0, 大专,上海,1510106280
产品实习生,产品,产品经理,产品实习生,有鱼金融科技,3,1, 本科,上海,1510109640
产品实习生,产品,产品经理,产品实习生,彪洋科技,3,0, 本科,北京,1510109940
产品实习生（兼职）,产品,产品经理,产品实习生,丁香园,2,0, 本科,杭州,1510106760
产品实习生,产品,产品经理,产品实习生,Q房网,2,0, 大专,深圳,1510105740
产品实习生-100教育(003697),产品,产品经理,产品实习生,YY Inc,3,0, 本科,北京,1509984000
产品实习生,产品,产品经理,产品实习生,大V店,4,0, 本科,北京,1510138560
产品实习生,产品,产品经理,产品实习生,人人贷,1,0, 本科,北京,1509379200
产品实习生,产品,产品经理,产品实习生,依图科技,3,0, 本科,上海,1510128420
产品实习生,产品,产品经理,产品实习生,作业盒子,2,0, 本科,北京,1510111560
产品经理实习生,产品,产品经理,产品实习生,普菲特,2,1, 大专,北京,1509984000
产品实习生-多看阅读,产品,产品经理,产品实习生,小米,2,0, 本科,北京,1510105980
产品助理（实习生）,产品,产品经理,产品实习生,广州餐道,2,0, 不限,广州,1510110240
产品经理实习生,产品,产品经理,产品实习生,琥珀天气,2,0, 本科,北京,1510124880
产品实习生,产品,产品经理,产品实习生,百度,3,0, 不限,北京,1509379200
产品实习生,产品,产品经理,产品实习生,码奇安防,3,0, 不限,广州,1509897600
产品实习生,产品,产品经理,产品实习生,人人贷,2,0, 本科,北京,1509984000
产品实习生,产品,产品经理,产品实习生,祺天优贷,3,0, 不限,杭州,1509897600
数据产品助理(实习生),产品,产品经理,产品实习生,集奥聚合（GEO）,4,0, 本科,北京,1510106460
产品实习生,产品,产品经理,产品实习生,极路由,2,0, 本科,北京,1509379200
产品助理（可实习）,产品,产品经理,产品实习生,扇贝,4,0, 不限,南京,1509984000
产品经理助理（实习）,产品,产品经理,产品实习生,安恒信息,3,0, 本科,杭州,1510104120
产品经理,产品,产品经理,产品实习生,大蓝游戏,10,3, 本科,广州,1510129980
产品经理实习生,产品,产品经理,产品实习生,普菲特,2,1, 大专,北京,1509984000
产品实习生,产品,产品经理,产品实习生,长伴汇才,2,0, 本科,北京,1509724800
产品实习生,产品,产品经理,产品实习生,网易,3,1, 本科,北京,1509379200
产品实习生,产品,产品经理,产品实习生,美景听听App,2,0, 不限,北京,1509292800
产品经理（实习生）,产品,产品经理,产品实习生,个推,3,0, 不限,杭州,1509552000
产品经理实习生,产品,产品经理,产品实习生,琥珀天气,2,0, 本科,北京,1510124880
数据产品实习生,产品,产品经理,产品实习生,一点资讯,2,1, 本科,北京,1509984000
产品实习生,产品,产品经理,产品实习生,中酒网,2,0, 本科,北京,1508515200
广告设计师,设计,视觉设计,广告设计师,iHandy,6,1, 本科,北京,1510109700
广告设计,设计,视觉设计,广告设计师,君学中国,5,1, 大专,上海,1510126560
广告设计师,设计,视觉设计,广告设计师,深海游戏,6,1, 大专,广州,1510104660
广告设计师,设计,视觉设计,广告设计师,3K游戏,8,1, 大专,广州,1510132920
广告设计,设计,视觉设计,广告设计师,祺曜互娱,8,1, 大专,广州,1510109580
广告设计师,设计,视觉设计,广告设计师,3456玩,4,1, 大专,广州,1509897600
广告设计师,设计,视觉设计,广告设计师,君海游戏,6,1, 大专,广州,1510131240
广告设计师,设计,视觉设计,广告设计师,广州棒谷网络科技有限公司,6,1, 本科,广州,1510106160
广告设计师,设计,视觉设计,广告设计师,广州玖维信息科技有限公司,4,1, 大专,广州,1510100700
广告设计师,设计,视觉设计,广告设计师,游族网络,8,1, 不限,上海,1509984000
广告设计师,设计,视觉设计,广告设计师,趣丸,4,1, 大专,广州,1510104300
广告设计师,设计,视觉设计,广告设计师,4399游戏,8,1, 本科,广州,1510107480
广告设计,设计,视觉设计,广告设计师,一点资讯,8,1, 本科,上海,1510108200
广告设计师,设计,视觉设计,广告设计师,深圳市欧克博讯网络广告有限公司,6,1, 大专,北京,1510130580
广告设计师,设计,视觉设计,广告设计师,乐赢互动,5,1, 大专,北京,1510110060
广告设计师,设计,视觉设计,广告设计师,星飞,7,1, 大专,广州,1509897600
广告设计师,设计,视觉设计,广告设计师,Mobvista,6,1, 大专,广州,1509897600
广告设计,设计,视觉设计,广告设计师,钱方好近,7,0, 本科,北京,1510111800
广告设计师,设计,视觉设计,广告设计师,今日头条,5,1, 大专,青岛,1509552000
广告设计师,设计,视觉设计,广告设计师,武汉哈乐沃德,4,1, 大专,武汉,1510105260
广告设计师,设计,视觉设计,广告设计师,广州玖维信息科技有限公司,4,1, 大专,广州,1510098780
广告设计师,设计,视觉设计,广告设计师,圣识网络,4,0, 不限,广州,1510138080
广告设计/平面设计/创意设计/,设计,视觉设计,广告设计师,贪玩游戏,6,1, 大专,广州,1510104360
广告设计师,设计,视觉设计,广告设计师,黑桃互动,6,1, 大专,上海,1509897600
广告设计师,设计,视觉设计,广告设计师,多盟,6,0, 本科,广州,1510110000
广告设计师,设计,视觉设计,广告设计师,巨人网络,15,3, 大专,上海,1509984000
广告设计,设计,视觉设计,广告设计师,一点资讯,8,1, 本科,上海,1509379200
广告设计师,设计,视觉设计,广告设计师,融360,7,1, 本科,北京,1509897600
广告设计师,设计,视觉设计,广告设计师,PALMAX,5,1, 大专,北京,1510109280
广告设计师,设计,视觉设计,广告设计师,恺英网络,6,1, 大专,上海,1509379200
广告设计师,设计,视觉设计,广告设计师,万达院线游戏,10,3, 本科,北京,1510144440
资深广告设计师,设计,视觉设计,广告设计师,iHandy,8,3, 本科,北京,1510109700
广告设计师,设计,视觉设计,广告设计师,大秦互动,3,1, 本科,西安,1509897600
视频广告设计师,设计,视觉设计,广告设计师,大蓝游戏,6,1, 大专,广州,1510129980
广告设计师,设计,视觉设计,广告设计师,百度（中国）有限公司深圳分公司,8,0, 本科,深圳,1509984000
广告设计师,设计,视觉设计,广告设计师,Mobvista,6,0, 不限,广州,1509897600
广告设计助理,设计,视觉设计,广告设计师,益玩游戏,3,0, 大专,广州,1509984000
广告设计主管,设计,视觉设计,广告设计师,亿牛科技,10,3, 大专,广州,1510106040
资深广告设计师（周末双休+六险一金）,设计,视觉设计,广告设计师,幻动网络,6,1, 大专,广州,1510137660
广告设计师,设计,视觉设计,广告设计师,今日头条,5,0, 大专,青岛,1509379200
移动广告设计师,设计,视觉设计,广告设计师,普菲特,6,1, 本科,北京,1510113240
广告设计师（应届生）,设计,视觉设计,广告设计师,圣识网络,3,1, 大专,广州,1510138080
广告设计师,设计,视觉设计,广告设计师,极致游戏,5,1, 大专,厦门,1507478400
高级广告设计师,设计,视觉设计,广告设计师,星飞,8,1, 大专,广州,1509897600
产品传播-广告设计师,设计,视觉设计,广告设计师,阿里巴巴移动事业群-UC,15,3, 本科,广州,1509465600
广告设计经理,设计,视觉设计,广告设计师,百度（中国）有限公司深圳分公司,15,5, 本科,深圳,1509984000
游戏视频广告设计,设计,视觉设计,广告设计师,亿牛科技,8,0, 大专,广州,1510106040
广告设计/文案策划实习生,设计,视觉设计,广告设计师,学码思科技,3,0, 大专,无锡,1509897600
广告设计师,设计,视觉设计,广告设计师,无畏科技,6,1, 大专,广州,1509897600
游戏广告设计师,设计,视觉设计,广告设计师,博乐科技,15,3, 不限,北京,1510114800
广告设计师,设计,视觉设计,广告设计师,雷音科技,15,3, 大专,广州,1509984000
销售主管/经理-广告设计及营销策划项目,设计,视觉设计,广告设计师,正邦创意,5,1, 大专,北京,1510106700
视频广告设计师,设计,视觉设计,广告设计师,广州仙悦网络科技有限公司,6,1, 大专,广州,1510103940
广告设计师（视频为主）,设计,视觉设计,广告设计师,悦然心动,5,1, 大专,武汉,1510131840
互联网广告设计师,设计,视觉设计,广告设计师,同程旅游,10,3, 大专,上海,1510120800
广告设计师,设计,视觉设计,广告设计师,开门红策划,3,1, 大专,南宁,1509465600
广告设计师,设计,视觉设计,广告设计师,今日头条,5,3, 本科,广州,1509379200
广告设计,设计,视觉设计,广告设计师,万能鸟平台,15,0, 不限,北京,1509897600
视频广告设计师,设计,视觉设计,广告设计师,3K游戏,8,1, 大专,广州,1510132920
广告设计,设计,视觉设计,广告设计师,摩比神奇,10,0, 本科,北京,1510110900
用户研究主管,设计,高端职位,用户研究经理/主管,VIPKID,15,3, 本科,北京,1510108440
用户研究经理,设计,高端职位,用户研究经理/主管,平安讯科,12,3, 本科,深圳,1510104540
用户研究经理,设计,高端职位,用户研究经理/主管,易车公司,15,3, 本科,北京,1510102740
用户研究经理,设计,高端职位,用户研究经理/主管,vivo,15,5, 本科,深圳,1510108680
用户研究经理,设计,高端职位,用户研究经理/主管,作业盒子,10,3, 本科,北京,1510106700
用户研究经理,设计,高端职位,用户研究经理/主管,探探,20,3, 本科,北京,1509897600
MIG05-用户研究经理（深圳）,设计,高端职位,用户研究经理/主管,腾讯,18,3, 本科,深圳,1510104480
学院-产品与用户研究经理,设计,高端职位,用户研究经理/主管,超级猩猩健身,15,3, 本科,深圳,1510108080
用户研究经理,设计,高端职位,用户研究经理/主管,米寿,10,1, 本科,北京,1509897600
产品经理（用户研究方向）,设计,高端职位,用户研究经理/主管,文都信息,8,3, 本科,武汉,1510102680
用户研究员,设计,高端职位,用户研究经理/主管,一点资讯,10,0, 不限,北京,1510109580
用户研究,设计,高端职位,用户研究经理/主管,苏宁云商,12,3, 本科,南京,1510107840
用户研究,设计,高端职位,用户研究经理/主管,大圣科技,11,3, 本科,广州,1510104120
用户研究,设计,高端职位,用户研究经理/主管,韩创科技,10,1, 本科,上海,1510121400
用户研究,设计,高端职位,用户研究经理/主管,同程旅游,6,3, 本科,苏州,1510104600
用户研究经理,设计,高端职位,用户研究经理/主管,VIPKID,10,3, 本科,北京,1510108440
互娱市场与用户研究经理,设计,高端职位,用户研究经理/主管,腾讯,15,1, 本科,深圳,1510105260
用户研究员,设计,高端职位,用户研究经理/主管,文都信息,8,3, 本科,武汉,1510102680
用户研究,设计,高端职位,用户研究经理/主管,韩创科技,12,1, 不限,上海,1510121100
用户研究员,设计,高端职位,用户研究经理/主管,宜信,15,3, 本科,北京,1510137900
用户研究员,设计,高端职位,用户研究经理/主管,思源科技,15,1, 本科,北京,1509897600
用户研究,设计,高端职位,用户研究经理/主管,浙江执御信息技术有限公司,10,1, 不限,杭州,1510104540
用户研究员,设计,高端职位,用户研究经理/主管,大搜车,8,3, 本科,杭州,1510104480
用户研究员,设计,高端职位,用户研究经理/主管,京东,10,1, 本科,上海,1510105500
策略统筹顾问-用户研究方向,设计,高端职位,用户研究经理/主管,点我达,10,1, 本科,杭州,1510104840
用户研究员,设计,高端职位,用户研究经理/主管,众禄金融,10,1, 大专,深圳,1509984000
产品规划师--用户研究,设计,高端职位,用户研究经理/主管,造作,8,3, 本科,北京,1510128840
用户研究员,设计,高端职位,用户研究经理/主管,返利网,10,1, 本科,上海,1510104480
用户研究员,设计,高端职位,用户研究经理/主管,京东商城,15,1, 本科,北京,1509984000
用户研究员,设计,高端职位,用户研究经理/主管,宝宝树,10,1, 本科,北京,1510105980
用户研究员,设计,高端职位,用户研究经理/主管,宜信,20,1, 硕士,北京,1510108020
用户研究工程师,设计,高端职位,用户研究经理/主管,蜂投网,6,1, 硕士,长沙,1510103280
用户研究/竞品研究（编号：SHJS007）,设计,高端职位,用户研究经理/主管,新浪财道,15,3, 本科,上海,1510110060
用户研究,设计,高端职位,用户研究经理/主管,你我金融,15,3, 本科,深圳,1510134780
用户研究员-170523,设计,高端职位,用户研究经理/主管,美团点评,20,3, 本科,北京,1509897600
用户研究与市场研究总监,设计,高端职位,用户研究经理/主管,乐信,30,5, 本科,深圳,1509984000
用户研究,设计,高端职位,用户研究经理/主管,易居中国-创新研发中心,10,3, 本科,上海,1509984000
用户研究,设计,高端职位,用户研究经理/主管,作业盒子,4,1, 本科,北京,1510106700
用户研究,设计,高端职位,用户研究经理/主管,ofo,20,3, 本科,北京,1509897600
用户研究岗,设计,高端职位,用户研究经理/主管,平安健康互联网,15,3, 本科,上海,1509984000
产品经理（用户研究方向）,设计,高端职位,用户研究经理/主管,麦子金服,15,3, 本科,上海,1508169600
用户研究,设计,高端职位,用户研究经理/主管,微医集团,8,1, 本科,杭州,1509984000
用户研究工程师,设计,高端职位,用户研究经理/主管,PKFARE比客,13,3, 本科,深圳,1509984000
用户研究,设计,高端职位,用户研究经理/主管,一起作业网,20,3, 本科,北京,1509984000
用户研究员,设计,高端职位,用户研究经理/主管,买单侠,15,3, 本科,上海,1509292800
售后客服,运营,客服,售后客服,泛微,4,1, 大专,上海,1510109160
售后客服,运营,客服,售后客服,有鱼金融科技,4,0, 大专,上海,1510113360
售后客服,运营,客服,售后客服,360shop,4,0, 不限,杭州,1510102320
售后客服,运营,客服,售后客服,尚德机构,6,1, 本科,北京,1510112640
售后客服,运营,客服,售后客服,人人快送,4,1, 大专,成都,1510102620
售后客服,运营,客服,售后客服,宝尊电商,4,1, 不限,杭州,1510105380
售后客服,运营,客服,售后客服,妮素,4,0, 大专,杭州,1510111980
售后客服,运营,客服,售后客服,田田家园,3,0, 大专,深圳,1510144320
售后客服,运营,客服,售后客服,广州极创科技,3,1, 不限,广州,1510122060
售后客服,运营,客服,售后客服,骏嘉财通,3,1, 本科,北京,1510142820
售后客服,运营,客服,售后客服,装小蜜,4,0, 大专,北京,1510106160
售后客服,运营,客服,售后客服,51Talk 无忧英语,5,1, 本科,上海,1510107540
售后客服,运营,客服,售后客服,前海云集品,5,1, 大专,深圳,1510106460
非淘系售后客服,运营,客服,售后客服,麦优,3,1, 不限,广州,1510106160
售后客服,运营,客服,售后客服,骆驼服饰,3,0, 不限,广州,1510102920
售后客服,运营,客服,售后客服,泛微,4,1, 本科,上海,1510109160
售后客服,运营,客服,售后客服,有鱼金融科技,4,0, 不限,上海,1509984000
售后客服,运营,客服,售后客服,尚德机构,6,1, 本科,北京,1510112640
售后客服,运营,客服,售后客服,骏嘉财通,3,1, 大专,青岛,1510109580
售后客服,运营,客服,售后客服,千行集团,4,1, 大专,成都,1509984000
售后客服,运营,客服,售后客服,The ONE,5,1, 大专,北京,1510105860
售后客服,运营,客服,售后客服,大思教育,3,0, 大专,广州,1510122720
售后客服,运营,客服,售后客服,脑洞科技,5,1, 本科,深圳,1510104420
售后客服,运营,客服,售后客服,来人到家,4,0, 大专,北京,1510112160
售后客服主管,运营,客服,售后客服,编程猫,7,3, 本科,深圳,1510100400
售后客服,运营,客服,售后客服,智齿科技,5,1, 大专,北京,1509984000
售后客服,运营,客服,售后客服,美乐乐家居网,3,1, 大专,成都,1510104360
售后客服,运营,客服,售后客服,易加易,4,1, 不限,上海,1510133400
售后客服,运营,客服,售后客服,小满科技,4,1, 大专,深圳,1510108500
售后客服,运营,客服,售后客服,金易付,2,1, 大专,成都,1510110720
售后客服,运营,客服,售后客服,泛微,5,1, 大专,上海,1510103640
售后客服,运营,客服,售后客服,骏嘉财通,3,1, 大专,青岛,1510109580
售后客服,运营,客服,售后客服,来人到家,4,0, 大专,北京,1510120140
售后客服,运营,客服,售后客服,启萌教育,6,1, 大专,北京,1510108320
售后客服,运营,客服,售后客服,小满科技,4,0, 大专,深圳,1510111080
售后客服,运营,客服,售后客服,北京聚爱财科技有限公司,4,1, 大专,北京,1509897600
售前/售后客服,运营,客服,售后客服,骆驼服饰,3,0, 不限,广州,1510102920
售后客服,运营,客服,售后客服,青颖飞帆软件,3,0, 大专,苏州,1509984000
售后客服,运营,客服,售后客服,蜜柚旅行,4,0, 大专,上海,1510123260
售后客服,运营,客服,售后客服,合易网络,4,0, 不限,深圳,1508688000
售后客服/天猫淘宝售后客服,运营,客服,售后客服,男衣库,4,0, 不限,深圳,1509897600
售后客服（造物集）,运营,客服,售后客服,新片场,3,1, 本科,天津,1510109400
售后客服,运营,客服,售后客服,小鹿情感,4,1, 大专,武汉,1508688000
售后客服,运营,客服,售后客服,厦门芯鸽科技,3,0, 不限,厦门,1510123680
售后客服,运营,客服,售后客服,闪电修,3,1, 不限,深圳,1509897600
软件售后客服,运营,客服,售后客服,泛微,4,1, 大专,上海,1510109160
售后客服,运营,客服,售后客服,骏嘉财通,6,1, 大专,青岛,1510109580
售后客服,运营,客服,售后客服,来人到家,4,1, 大专,北京,1510104300
售后客服,运营,客服,售后客服,小鱼在家,4,0, 大专,北京,1509984000
售后客服,运营,客服,售后客服,国人在线,5,0, 不限,深圳,1510105920
售后客服/增值客服,运营,客服,售后客服,英迈思,4,1, 大专,深圳,1510133580
资深售后客服,运营,客服,售后客服,我在家,5,0, 大专,杭州,1510109760
售后客服,运营,客服,售后客服,一起考教师,5,0, 本科,北京,1510107540
售后客服,运营,客服,售后客服,大象保险,5,0, 不限,北京,1510129080
售后客服,运营,客服,售后客服,合易网络,4,0, 不限,深圳,1508688000
售后客服,运营,客服,售后客服,泰博科技,3,0, 大专,厦门,1509984000
售后客服专员,运营,客服,售后客服,蓝月亮,3,0, 大专,广州,1510106460
售后客服,运营,客服,售后客服,招财猫,4,1, 不限,杭州,1508342400
售后客服主管,运营,客服,售后客服,小鹿情感,5,1, 大专,武汉,1510106580
售后客服专员（双休，五险一金，4500-7000）,运营,客服,售后客服,金投手,5,1, 大专,北京,1510127940
政府关系,市场与销售,市场/营销,政府关系,Hellobike哈罗单车,5,0, 大专,温州,1510107060
政府关系,市场与销售,市场/营销,政府关系,简书,10,3, 本科,上海,1510106280
政府关系经理,市场与销售,市场/营销,政府关系,蜜蜂出行,4,1, 大专,郑州,1510112700
政府关系,市场与销售,市场/营销,政府关系,触手,15,5, 本科,杭州,1510127400
政府关系,市场与销售,市场/营销,政府关系,恒天易开,10,1, 本科,北京,1510104120
政府关系,市场与销售,市场/营销,政府关系,ofo,6,3, 大专,西安,1509984000
政府关系,市场与销售,市场/营销,政府关系,地平线机器人,10,0, 不限,南京,1509984000
政府关系专员,市场与销售,市场/营销,政府关系,美甲帮,6,1, 本科,广州,1510108440
政府关系总监,市场与销售,市场/营销,政府关系,36计商学院,8,5, 大专,深圳,1510104840
【政府关系总监】,市场与销售,市场/营销,政府关系,新氧盒子,30,0, 本科,北京,1510080720
政府关系,市场与销售,市场/营销,政府关系,我来贷WeLab,10,5, 本科,深圳,1509984000
政府关系经理,市场与销售,市场/营销,政府关系,3W集团,6,3, 本科,西安,1510107420
政府关系专员,市场与销售,市场/营销,政府关系,东家,12,5, 本科,杭州,1510101360
政府关系与事务专员,市场与销售,市场/营销,政府关系,码隆科技,6,3, 本科,深圳,1509984000
政府关系总监,市场与销售,市场/营销,政府关系,斗米兼职,30,5, 本科,北京,1510112880
政府关系,市场与销售,市场/营销,政府关系,Hellobike哈罗单车,5,0, 大专,金华,1510107060
政府关系经理,市场与销售,市场/营销,政府关系,七牛云,10,3, 本科,上海,1510102320
政府关系经理,市场与销售,市场/营销,政府关系,mobike摩拜单车,15,3, 本科,北京,1510120320
政府关系,市场与销售,市场/营销,政府关系,嘟嘟巴士,10,3, 本科,深圳,1509897600
政府关系经理,市场与销售,市场/营销,政府关系,小蚁,18,5, 本科,上海,1510119060
政府关系专员,市场与销售,市场/营销,政府关系,人人车,6,1, 本科,北京,1509984000
政府关系,市场与销售,市场/营销,政府关系,新片场,15,5, 本科,北京,1510109400
政府关系-上海,市场与销售,市场/营销,政府关系,美团点评,20,1, 本科,上海,1508256000
政府关系实习生,市场与销售,市场/营销,政府关系,一点资讯,2,0, 不限,北京,1510107300
政府关系助理,市场与销售,市场/营销,政府关系,YY Inc,2,0, 本科,广州,1509984000
政府关系专员,市场与销售,市场/营销,政府关系,多牛传媒,4,1, 本科,北京,1510103460
政府关系专员,市场与销售,市场/营销,政府关系,ofo,5,1, 大专,西安,1509984000
政府关系,市场与销售,市场/营销,政府关系,随地付,10,3, 本科,杭州,1507564800
政府关系专员/政府事务专员/政府对接专员,市场与销售,市场/营销,政府关系,基石生命,4,1, 不限,北京,1510103220
政府关系经理,市场与销售,市场/营销,政府关系,蜜蜂出行,5,3, 不限,郑州,1509465600
政府关系,市场与销售,市场/营销,政府关系,Hellobike哈罗单车,5,0, 大专,宁波,1510107060
政府关系经理,市场与销售,市场/营销,政府关系,mobike摩拜单车,15,5, 本科,深圳,1509984000
政府关系专员,市场与销售,市场/营销,政府关系,人人车,6,1, 本科,北京,1509984000
政府关系经理,市场与销售,市场/营销,政府关系,领投鸟,10,3, 本科,上海,1510105860
政府关系总监,市场与销售,市场/营销,政府关系,APUS Group,30,1, 本科,北京,1509984000
政府关系专员,市场与销售,市场/营销,政府关系,ZStack,8,1, 本科,上海,1509984000
政府关系经理,市场与销售,市场/营销,政府关系,黑派科技,8,1, 本科,北京,1509638400
政府关系经理,市场与销售,市场/营销,政府关系,趣理财,10,3, 本科,杭州,1509984000
政府关系经理,市场与销售,市场/营销,政府关系,中腾信,14,3, 本科,北京,1510136820
政府关系经理,市场与销售,市场/营销,政府关系,小蚁,15,5, 本科,北京,1510119060
政府关系经理,市场与销售,市场/营销,政府关系,百灵鸟,10,1, 本科,深圳,1509379200
政府关系总监(J10961),市场与销售,市场/营销,政府关系,沪江,30,5, 本科,北京,1510113660
政府关系总监,市场与销售,市场/营销,政府关系,奇点金服,40,5, 本科,北京,1509984000
政府关系总监,市场与销售,市场/营销,政府关系,蜜蜂出行,15,5, 不限,北京,1509552000
政府关系经理/高级经理,市场与销售,市场/营销,政府关系,敦煌网,10,5, 本科,北京,1510109520
政府关系,市场与销售,市场/营销,政府关系,Hellobike哈罗单车,5,3, 大专,唐山,1510107060
政府关系经理,市场与销售,市场/营销,政府关系,mobike摩拜单车,15,3, 本科,北京,1510120320
政府关系（专员）,市场与销售,市场/营销,政府关系,个推,6,1, 本科,杭州,1509552000
政府关系经理,市场与销售,市场/营销,政府关系,APUS Group,20,3, 本科,北京,1509984000
政府关系经理,市场与销售,市场/营销,政府关系,创业邦,8,1, 本科,北京,1507651200
政府关系经理,市场与销售,市场/营销,政府关系,运满满,15,5, 本科,北京,1507564800
政府关系专员,市场与销售,市场/营销,政府关系,美团点评,10,3, 本科,北京,1510108680
政府关系经理,市场与销售,市场/营销,政府关系,小赢科技,10,3, 本科,深圳,1509984000
政府关系经理,市场与销售,市场/营销,政府关系,碧虎科技,10,0, 本科,上海,1508342400
政府关系/市场,市场与销售,市场/营销,政府关系,爱家田螺,8,1, 本科,杭州,1508688000
政府关系经理,市场与销售,市场/营销,政府关系,3W集团,10,3, 本科,北京,1510107420
政府关系专员,市场与销售,市场/营销,政府关系,GALASPORTS,5,1, 本科,深圳,1509638400
政府关系,市场与销售,市场/营销,政府关系,知了青年,5,1, 大专,北京,1509379200
培优总部-政府关系主管/经理,市场与销售,市场/营销,政府关系,好未来,10,3, 本科,北京,1509984000
政府关系专员,市场与销售,市场/营销,政府关系,瓜子二手车直卖网,6,0, 本科,北京,1508688000
投资顾问,市场与销售,投资,投资顾问,亿鑫达,3,0, 不限,石家庄,1510131600
投资顾问,市场与销售,投资,投资顾问,善林金融,2,0, 不限,佛山,1510125600
投资顾问,市场与销售,投资,投资顾问,钱生钱咨询,10,1, 不限,北京,1510096320
高端投资顾问,市场与销售,投资,投资顾问,丽兹行,7,0, 本科,上海,1510140000
投资顾问,市场与销售,投资,投资顾问,广东中原地产科贸,8,0, 大专,广州,1510122120
金牌投资顾问,市场与销售,投资,投资顾问,骏嘉财通,6,0, 大专,北京,1510132560
理财投资顾问,市场与销售,投资,投资顾问,深圳市名瑞德国际金融服务有限公司,8,0, 大专,深圳,1510127160
投资顾问,市场与销售,投资,投资顾问,微贷网,6,0, 大专,杭州,1510112040
投资顾问,市场与销售,投资,投资顾问,宜信,15,1, 大专,北京,1510107420
证券投资顾问,市场与销售,投资,投资顾问,天金加银集团,8,1, 本科,天津,1509984000
投资顾问,市场与销售,投资,投资顾问,金大师,8,0, 大专,广州,1508774400
投资/理财顾问,市场与销售,投资,投资顾问,红上金融,4,1, 大专,无锡,1510105020
投资理财顾问,市场与销售,投资,投资顾问,央金所（杭州）科技有限公司,5,0, 不限,杭州,1510132800
投资顾问,市场与销售,投资,投资顾问,金融界网站（互联网证券）,8,1, 本科,北京,1510129500
投资顾问,市场与销售,投资,投资顾问,佛山巨投,2,0, 大专,佛山,1509897600
投资顾问,市场与销售,投资,投资顾问,丽兹行,8,1, 本科,上海,1510140000
金融销售/投资顾问,市场与销售,投资,投资顾问,互存金融,30,1, 大专,杭州,1510105620
投资顾问,市场与销售,投资,投资顾问,好买基金网（联想腾讯注资企业）,6,1, 大专,上海,1510104660
投资顾问,市场与销售,投资,投资顾问,中泉信息,5,0, 大专,长沙,1509984000
投资顾问,市场与销售,投资,投资顾问,圭顿金融,6,0, 大专,长沙,1507564800
投资顾问,市场与销售,投资,投资顾问,首证投顾,6,1, 本科,北京,1510103280
投资顾问,市场与销售,投资,投资顾问,联讯证券珠海营业部,4,1, 本科,珠海,1508860800
投资顾问,市场与销售,投资,投资顾问,钱生钱咨询,10,1, 不限,北京,1509984000
投资顾问,市场与销售,投资,投资顾问,上海森洋,8,0, 大专,郑州,1508860800
投资顾问（美股）,市场与销售,投资,投资顾问,中地控股,10,3, 本科,深圳,1510138800
投资顾问/业务主管,市场与销售,投资,投资顾问,央企背景综合性财富管理,10,1, 本科,北京,1509984000
投资顾问,市场与销售,投资,投资顾问,融铎网络,5,5, 本科,西安,1509897600
投资顾问,市场与销售,投资,投资顾问,万烨天华,4,0, 不限,青岛,1508515200
投资顾问,市场与销售,投资,投资顾问,奇点金服,10,0, 本科,北京,1509984000
投资顾问,市场与销售,投资,投资顾问,天津中金在线,8,0, 不限,天津,1510126260
高端投资顾问,市场与销售,投资,投资顾问,丽兹行,7,0, 本科,上海,1510140000
投资顾问,市场与销售,投资,投资顾问,钱生钱咨询,10,1, 不限,北京,1510070400
投资顾问,市场与销售,投资,投资顾问,奇点金服,10,0, 本科,深圳,1509984000
投资顾问,市场与销售,投资,投资顾问,股票雷达,5,0, 不限,北京,1509897600
投资顾问,市场与销售,投资,投资顾问,巨龙鼎,5,0, 大专,武汉,1509292800
投资顾问,市场与销售,投资,投资顾问,投哪儿大股东,4,0, 不限,广州,1509984000
投资顾问,市场与销售,投资,投资顾问,宸豪,3,0, 不限,杭州,1509984000
投资顾问,市场与销售,投资,投资顾问,佛山巨投,2,0, 大专,广州,1509897600
投资顾问,市场与销售,投资,投资顾问,中和阳光基金,8,3, 大专,深圳,1509552000
投资顾问/管理,市场与销售,投资,投资顾问,湘铭电子商务,5,0, 大专,长沙,1508860800
投资顾问,市场与销售,投资,投资顾问,牛眼财经,3,0, 不限,西安,1508083200
投资顾问,市场与销售,投资,投资顾问,国信深南中路营业部,10,0, 硕士,深圳,1509465600
客服经理/投资顾问,市场与销售,投资,投资顾问,图表家,4,1, 大专,上海,1509897600
投资顾问,市场与销售,投资,投资顾问,流畅世纪,6,0, 不限,北京,1509897600
投资顾问,市场与销售,投资,投资顾问,北京京深弘杰投资顾问有限公司,6,0, 不限,北京,1509984000
HR人事,职能,人力资源,人事/HR,上海哈杜,5,1, 本科,上海,1510108500
人事,职能,人力资源,人事/HR,宸帆电商,4,1, 大专,杭州,1510107420
HR,职能,人力资源,人事/HR,韩创科技,8,1, 大专,上海,1509984000
HR,职能,人力资源,人事/HR,骏嘉财通,3,1, 本科,青岛,1510109580
HR助理,职能,人力资源,人事/HR,政采云,4,0, 本科,杭州,1510127520
HR,职能,人力资源,人事/HR,蜂融网络,4,1, 本科,杭州,1509984000
HR专员,职能,人力资源,人事/HR,水木智娱,6,1, 本科,北京,1510139640
人事HR岗,职能,人力资源,人事/HR,至客科技,5,3, 大专,杭州,1510139940
HR,职能,人力资源,人事/HR,笨鸟社交,4,1, 本科,杭州,1510110780
人事/HR,职能,人力资源,人事/HR,灵雀云,13,5, 本科,北京,1510112640
HR专员,职能,人力资源,人事/HR,卓翰科技,3,1, 本科,武汉,1510105260
人事/HR,职能,人力资源,人事/HR,要出发,3,1, 本科,重庆,1509984000
人事/HR,职能,人力资源,人事/HR,钱来乐,3,0, 不限,福州,1510105500
人事/HR,职能,人力资源,人事/HR,数列科技,5,1, 大专,杭州,1509897600
HR助理,职能,人力资源,人事/HR,火球理财,4,1, 本科,北京,1510134480
HR,职能,人力资源,人事/HR,上海哈杜,5,1, 本科,上海,1510107720
HR,职能,人力资源,人事/HR,骏嘉财通,4,0, 大专,南京,1509897600
HR,职能,人力资源,人事/HR,至客科技,6,3, 大专,杭州,1510139940
人事 / HR,职能,人力资源,人事/HR,灵雀云,8,0, 本科,北京,1510112640
HR实习生,职能,人力资源,人事/HR,易观,2,0, 本科,北京,1510127640
人事专员（HR）,职能,人力资源,人事/HR,老字号＋,5,1, 大专,杭州,1510127760
HR,职能,人力资源,人事/HR,职优你,6,1, 本科,北京,1510108080
人事经理(HR),职能,人力资源,人事/HR,小站教育,10,5, 本科,上海,1510105920
人事助理,职能,人力资源,人事/HR,泛微,4,1, 本科,上海,1510103880
HR专员,职能,人力资源,人事/HR,擎天柱,4,1, 大专,广州,1510129800
资深人事,职能,人力资源,人事/HR,打个借条,6,3, 大专,杭州,1510112700
HR,职能,人力资源,人事/HR,甬动科技,5,1, 本科,宁波,1510105200
人事/招聘专员,职能,人力资源,人事/HR,杭州丹奇,4,1, 大专,杭州,1509984000
人事助理,职能,人力资源,人事/HR,江苏亿科达,4,1, 大专,上海,1510110060
HR,职能,人力资源,人事/HR,洋葱数学,7,1, 本科,北京,1509984000
弘历人事岗,职能,人力资源,人事/HR,骏嘉财通,3,0, 本科,重庆,1510112520
人事HR,职能,人力资源,人事/HR,上海哈杜,5,1, 本科,上海,1510107720
人事专员,职能,人力资源,人事/HR,泛微,4,1, 本科,上海,1510136940
产品经理-HR系统,职能,人力资源,人事/HR,苏宁云商,10,3, 本科,南京,1510105440
人事助理,职能,人力资源,人事/HR,有鱼金融科技,3,0, 本科,上海,1510103220
人事专员,职能,人力资源,人事/HR,凌志软件,4,1, 大专,上海,1510105380
HR,职能,人力资源,人事/HR,杭州骑迹,8,1, 本科,杭州,1509984000
人事/HR,职能,人力资源,人事/HR,特赞|Tezign,8,1, 本科,上海,1510109280
人事专员,职能,人力资源,人事/HR,网达软件,4,1, 本科,杭州,1510108080
人事助理/行政助理,职能,人力资源,人事/HR,捷通华声,4,1, 本科,武汉,1510105020
HR专员,职能,人力资源,人事/HR,i GO 我行,4,1, 本科,深圳,1510134720
人事专员,职能,人力资源,人事/HR,言几又?今日阅读,4,1, 大专,深圳,1510117560
人事主管HR,职能,人力资源,人事/HR,广州悦荞茉萱贸易有限公司,5,3, 本科,广州,1510101420
人事/招聘专员,职能,人力资源,人事/HR,杭州丹奇,4,1, 大专,杭州,1509984000
人事专员,职能,人力资源,人事/HR,睿智融科,4,1, 本科,深圳,1510120080
财务/会计主管,职能,财务,财务,卡宝宝,10,3, 本科,广州,1510120620
财务,职能,财务,财务,蜂融网络,5,1, 本科,杭州,1509984000
财务,职能,财务,财务,骏嘉财通,3,0, 本科,南京,1509984000
财务/会计,职能,财务,财务,动动,10,3, 本科,北京,1509984000
财务,职能,财务,财务,多拉智能,8,3, 本科,北京,1510105440
财务专员,职能,财务,财务,货拉拉手机打车软件,6,1, 本科,深圳,1510136760
财务,职能,财务,财务,我抓,6,3, 大专,深圳,1510126560
财务助理01,职能,财务,财务,水木智娱,6,1, 本科,北京,1510139280
财务助理,职能,财务,财务,壹现金,5,1, 本科,上海,1510138080
财务,职能,财务,财务,昆明宏鹏电子,3,0, 不限,昆明,1510099920
财务,职能,财务,财务,因动传媒,6,3, 大专,上海,1510104780
财务,职能,财务,财务,浙江聚有财,4,0, 本科,杭州,1510104000
财务助理,职能,财务,财务,Strikingly,4,1, 本科,上海,1510110540
财务,职能,财务,财务,乐推传媒,5,3, 大专,上海,1510106040
财务助理,职能,财务,财务,大猷科技,6,1, 本科,杭州,1509984000
财务,职能,财务,财务,骏嘉财通,3,0, 大专,南京,1509984000
财务专员,职能,财务,财务,货拉拉手机打车软件,5,1, 大专,深圳,1510129920
财务专员,职能,财务,财务,壹现金,5,1, 本科,上海,1510138200
财务,职能,财务,财务,粉星时尚,4,3, 本科,广州,1510120020
产品经理-财务/结算方向,职能,财务,财务,孩子王,15,3, 本科,南京,1510105080
财务专员,职能,财务,财务,INK 银客集团,5,1, 本科,北京,1509984000
财务,职能,财务,财务,VeeR,8,1, 本科,北京,1509984000
财务专员,职能,财务,财务,泛微,6,1, 本科,上海,1510103640
财务,职能,财务,财务,绿漫科技,4,0, 本科,杭州,1510104780
出纳/财务助理,职能,财务,财务,青墨科技,4,1, 不限,上海,1510131480
财务总监/经理,职能,财务,财务,卡宝宝,10,3, 本科,广州,1510120500
财务,职能,财务,财务,美秒科技,5,1, 本科,北京,1510111260
财务BP-财务(J170525069),职能,财务,财务,滴滴出行,25,0, 不限,北京,1509984000
财务,职能,财务,财务,MarcPoint,7,3, 本科,上海,1510132980
公共关系专员-财务,职能,财务,财务,多牛传媒,4,1, 大专,北京,1510103460
财务,职能,财务,财务,骏嘉财通,3,1, 大专,南京,1509984000
财务副经理,职能,财务,财务,货拉拉手机打车软件,8,3, 本科,深圳,1510111380
财务BP-财务(J170525069),职能,财务,财务,滴滴出行,25,0, 不限,北京,1509984000
高薪诚聘财务,职能,财务,财务,悄悄科技,5,3, 本科,广州,1509897600
财务,职能,财务,财务,一周CP,4,1, 大专,杭州,1510107660
财务/出纳实习生,职能,财务,财务,连连支付,2,0, 不限,杭州,1509984000
财务主管/财务副经理,职能,财务,财务,创娱网络,8,5, 本科,广州,1510113900
财务,职能,财务,财务,米瑟兰帕,5,3, 大专,深圳,1509638400
产品经理-财务方向,职能,财务,财务,销冠科技,15,3, 本科,杭州,1510124640
财务专员,职能,财务,财务,上海钢银,4,1, 本科,上海,1510129140
财务专员,职能,财务,财务,Base FX,4,0, 大专,廊坊,1510111500
财务J10168,职能,财务,财务,浙报集团,4,0, 本科,杭州,1509552000
财务副总监,职能,财务,财务,君石控股,25,1, 本科,北京,1510136640
财务,职能,财务,财务,大鱼旅行,3,0, 大专,深圳,1510124280
财务,职能,财务,财务,臻广传媒,4,3, 大专,上海,1509465600
财务,职能,财务,财务,骏嘉财通,3,0, 大专,南京,1509984000
财务,职能,财务,财务,货拉拉手机打车软件,6,3, 大专,深圳,1510108860
财务分析专家-财务(J170525143),职能,财务,财务,滴滴出行,20,5, 本科,北京,1509984000
财务专员,职能,财务,财务,诗悦网络,4,0, 本科,广州,1510111500
财务,职能,财务,财务,圣贤财富,5,1, 大专,杭州,1509638400
财务助理,职能,财务,财务,好巧,4,1, 大专,北京,1510112640
财务专员,职能,财务,财务,小米,8,0, 本科,北京,1510110900
财务主管/经理,职能,财务,财务,乐至科技,10,3, 本科,上海,1510109220
财务实习生,职能,财务,财务,集奥聚合（GEO）,4,0, 本科,北京,1510106460
财务助理,职能,财务,财务,杭州伊柯夫,3,0, 本科,杭州,1510104240
财务兼职,职能,财务,财务,北京链家,3,0, 本科,北京,1510134780
财务实习生,职能,财务,财务,有来医生,2,0, 大专,北京,1510103760
Java开发工程师-财务方向,职能,财务,财务,京东金融,20,5, 本科,北京,1510108800
财务助理,职能,财务,财务,水木智娱,6,0, 本科,北京,1510138800
财务助理,职能,财务,财务,凯特多哥,3,1, 大专,成都,1510110660
财务总监,职能,高端职位,CFO,车来了,20,5, 本科,北京,1510135980
财务总监,职能,高端职位,CFO,华尔街见闻,20,5, 本科,上海,1510140840
财务总监,职能,高端职位,CFO,玩乐付,30,5, 本科,北京,1510132080
CFO,职能,高端职位,CFO,深智云,15,5, 本科,深圳,1509897600
CFO,职能,高端职位,CFO,有贝,40,5, 本科,杭州,1510122480
财务总监,职能,高端职位,CFO,北京海顿中科技术有限公司,20,5, 本科,北京,1510104960
财务总监,职能,高端职位,CFO,CQASO,12,5, 本科,上海,1510104000
财务总监,职能,高端职位,CFO,萨摩耶金服,25,5, 本科,上海,1510104960
CFO,职能,高端职位,CFO,丹露成都网络技术有限公司,15,5, 本科,成都,1510105020
财务总监,职能,高端职位,CFO,深圳市晨北科技有限公司,30,1, 本科,深圳,1510132500
财务总监,职能,高端职位,CFO,捷通华声,25,5, 本科,北京,1510105020
CFO,职能,高端职位,CFO,网竞科技,30,5, 本科,杭州,1510106760
首席财务官（CFO）,职能,高端职位,CFO,昊链科技,25,1, 硕士,广州,1510110240
财务总监,职能,高端职位,CFO,三七互娱,20,5, 本科,上海,1510104060
财务总监,职能,高端职位,CFO,笨鸟社交,10,5, 本科,厦门,1509984000
财务总监,职能,高端职位,CFO,壹加壹国际物流,10,5, 本科,东莞,1510110540
CFO,职能,高端职位,CFO,麦子金服,90,1, 本科,上海,1509984000
CFO首席财务官,职能,高端职位,CFO,拼多多,60,1, 硕士,上海,1510106460
CFO/首席财务官,职能,高端职位,CFO,新娱加传媒,30,1, 本科,广州,1510128300
财务总监,职能,高端职位,CFO,毒舌电影,30,1, 本科,广州,1510109340
财务总监,职能,高端职位,CFO,老虎证券,40,5, 本科,北京,1510105260
财务总监,职能,高端职位,CFO,数夫软件,11,5, 本科,东莞,1510103220
财务总监,职能,高端职位,CFO,南京白驹文化传播有限公司,10,3, 本科,南京,1510104060
财务总监,职能,高端职位,CFO,AA租车,20,5, 本科,北京,1510104060
财务总监,职能,高端职位,CFO,Hellobike哈罗单车,25,5, 本科,上海,1510107060
财务总监,职能,高端职位,CFO,丹露成都网络技术有限公司,15,5, 本科,成都,1510105020
财务总监,职能,高端职位,CFO,Qtools蔻兔,30,5, 本科,苏州,1510122240
财务总监,职能,高端职位,CFO,理才网,30,5, 本科,深圳,1510106580
财务总监,职能,高端职位,CFO,搜于特信息科技,20,5, 大专,东莞,1510101180
财务总监,职能,高端职位,CFO,玛瑙湾,15,5, 本科,杭州,1510108980
财务总监,职能,高端职位,CFO,爱影,8,5, 本科,深圳,1509984000
财务总监,职能,高端职位,CFO,HOLLA,15,5, 本科,北京,1509984000
财务总监,职能,高端职位,CFO,诗悦网络,20,3, 本科,广州,1510111500
CFO,职能,高端职位,CFO,INK 银客集团,90,5, 本科,北京,1509897600
财务总监,职能,高端职位,CFO,左邻,15,5, 本科,深圳,1510105440
财务总监,职能,高端职位,CFO,Udesk－企业级智能客服平台,20,5, 本科,北京,1510103340
CFO助理,职能,高端职位,CFO,BBD,8,0, 本科,成都,1510118580
财务总监,职能,高端职位,CFO,碧橙网络,30,5, 本科,杭州,1510104840
财务总监,职能,高端职位,CFO,无忧保姆,25,5, 本科,北京,1510120860
首席财务官CFO,职能,高端职位,CFO,缤果盒子,30,5, 本科,北京,1509984000
财务总监,职能,高端职位,CFO,杉数科技,15,3, 本科,北京,1510105560
财务总监,职能,高端职位,CFO,亲宝宝,25,5, 本科,杭州,1510103580
财务总监,职能,高端职位,CFO,日月同行,10,5, 本科,北京,1509897600
财务总监,职能,高端职位,CFO,聚励云机械,15,5, 本科,杭州,1509897600
财务总监,职能,高端职位,CFO,触宝科技,30,5, 本科,上海,1510108500
