class_one,class_two,class_three,Job_name,job_company,job_link,low_salary,job_release_time,job_experience,job_edu,job_area,job_welfare
技术,后端开发,Java,高级java开发工程师/专家/高级专家,蚂蚁金服集团,https://www.lagou.com/jobs/3761654.html,20,2017-10-30,经验不限 , 本科,成都・高新区,"“牛人,高薪,机会,挑战”"
技术,后端开发,Java,JAVA开发工程师,贝米钱包,https://www.lagou.com/jobs/3460689.html,15,16:34发布,经验不限 , 本科,上海・徐家汇,"“商业保险,年度旅游,带薪年病假,弹性上班制”"
技术,后端开发,Java,Java开发工程师,拉勾网,https://www.lagou.com/jobs/3457062.html,15,10:26发布,经验3-5年 , 本科,北京・苏州街,“技术挑战与个人成长空间”
技术,后端开发,Java,JAVA,曙奇互娱,https://www.lagou.com/jobs/3321808.html,13,15:19发布,经验3-5年 , 本科,上海・田林,"“五险一金,年底双薪,定期旅游,定期体检”"
技术,后端开发,Java,Java开发,泛微,https://www.lagou.com/jobs/2443792.html,13,10:46发布,经验1-3年 , 本科,上海・浦江,“美味三餐下午茶，半年调薪，境外旅游”
技术,后端开发,Java,Java开发工程师,中金支付有限公司,https://www.lagou.com/jobs/429813.html,10,2017-11-02,经验1-3年 , 本科,北京・永定门,“绩效奖金 带薪年假 免费体检 补充医疗”
技术,后端开发,Java,Java开发,灿福科技,https://www.lagou.com/jobs/3175811.html,12,18:36发布,经验3-5年 , 本科,上海・江苏路地铁,"“技术控,领导幽默,年轻小伙伴,福利多多”"
技术,后端开发,Java,java开发工程师,小米,https://www.lagou.com/jobs/3801926.html,18,18:02发布,经验3-5年 , 本科,北京・清河,"“餐补班车,期权激励,年终奖金,补充医疗”"
技术,后端开发,Java,Java研发,上海宏鹿信息技术服务有限公司,https://www.lagou.com/jobs/3802249.html,15,18:56发布,经验3-5年 , 本科,上海・张江,"“发展空间大,年终奖”"
技术,后端开发,Java,Java开发工程师,有鱼金融科技,https://www.lagou.com/jobs/3304725.html,16,08:57发布,经验3-5年 , 本科,上海・漕宝路,“技术大牛、扁平化管理、高速发展互联网公司”
技术,后端开发,Java,java开发工程师,尚德机构,https://www.lagou.com/jobs/3799121.html,15,13:30发布,经验3-5年 , 本科,武汉・光谷,“团队氛围好 发展空间大”
技术,后端开发,Java,Java开发工程师,CLPS,https://www.lagou.com/jobs/3801475.html,14,17:14发布,经验3-5年 , 本科,广州・沙河,“金融项目”
技术,后端开发,Java,Java工程师,洋钱罐,https://www.lagou.com/jobs/3801727.html,10,17:39发布,经验1-3年 , 硕士,北京・团结湖,"“技术分享,年底双薪,技术驱动,氛围轻松”"
技术,后端开发,Java,Java研发工程师,51社保网,https://www.lagou.com/jobs/3699023.html,12,15:57发布,经验3-5年 , 本科,北京・建外大街,"“互联网大咖,七险一金,地铁周边,团建丰富”"
技术,后端开发,Java,Java开发,文思海辉,https://www.lagou.com/jobs/3800239.html,10,15:29发布,经验3-5年 , 大专,杭州・余杭区,"“大平台,六险一金,晋升空间大,学习机会多”"
技术,后端开发,Java,Java工程师,拉勾网,https://www.lagou.com/jobs/3237453.html,15,2017/11/6,经验3-5年 , 本科,北京・苏州街,“快速发展的业务和足够的技术挑战”
技术,后端开发,Java,Java,泛微,https://www.lagou.com/jobs/2472498.html,12,10:46发布,经验3-5年 , 大专,上海・浦江,“半年调薪 福利待遇佳 境外旅游 包四餐”
技术,后端开发,Java,JAVA开发工程师,尚德机构,https://www.lagou.com/jobs/3798546.html,15,11:38发布,经验1-3年 , 本科,武汉・光谷,“向上空间”
技术,后端开发,Java,Java工程师,洋钱罐,https://www.lagou.com/jobs/3801707.html,10,17:37发布,经验1-3年 , 本科,北京・团结湖,"“互金独角兽,技术驱动,工作氛围好,弹性工作制”"
技术,后端开发,Java,JAVA开发工程师,文思海辉,https://www.lagou.com/jobs/3799602.html,15,14:28发布,经验5-10年 , 本科,北京・朝阳区,"“六险一金,带薪年假,周末双休,公司氛围好”"
技术,后端开发,Java,Java,壹米滴答,https://www.lagou.com/jobs/2260060.html,15,08:38发布,经验5-10年 , 大专,上海,“新平台 新机遇 新挑战”
技术,后端开发,Java,Java开发工程师,链家上海研发中心,https://www.lagou.com/jobs/2401622.html,14,2017/11/7,经验3-5年 , 本科,上海,“大平台 新项目 成长多”
技术,后端开发,Java,JAVA工程师,桔子分期,https://www.lagou.com/jobs/2814041.html,8,18:24发布,经验3-5年 , 本科,大连・海事大学,"“五险一金,发展空间,扁平管理,弹性工作”"
技术,后端开发,Java,Java开发工程师,上海你我贷互联网金融信息服务,https://www.lagou.com/jobs/3800709.html,18,16:09发布,经验3-5年 , 本科,上海・东方路,"“大牛云集,互联网金融,分布式开发,美女众多”"
技术,后端开发,Java,JAVA工程师,51社保网,https://www.lagou.com/jobs/3736943.html,18,15:57发布,经验5-10年 , 本科,北京・建外大街,"“技术大咖,弹性工作,地铁周边,七险一金”"
技术,后端开发,Java,Java,乐天创研,https://www.lagou.com/jobs/2013118.html,21,09:26发布,经验3-5年 , 本科,上海・长寿路,“出国培训，跨境电商，不加班，14薪”
技术,后端开发,Java,Java工程师,ENJOY,https://www.lagou.com/jobs/3799975.html,15,15:04发布,经验1-3年 , 本科,北京・三里屯,"“弹性上班,零食无限,带薪年假,美女如云”"
技术,后端开发,Java,Java开发工程师,趣丸,https://www.lagou.com/jobs/3799426.html,8,14:10发布,经验1-3年 , 本科,广州・棠下,"“发展空间大,技术氛围好,大牛多,福利好”"
技术,后端开发,Java,java开发工程师,京东商城,https://www.lagou.com/jobs/3799334.html,15,14:01发布,经验3-5年 , 本科,北京・大兴区,"“java,统招本科”"
技术,后端开发,Java,JAVA,大众出行,https://www.lagou.com/jobs/3798566.html,15,11:39发布,经验3-5年 , 本科,上海・徐汇区,"“五险一金,自由工时制,绩效奖金,公司午餐”"
技术,后端开发,Java,Java工程师,拉勾网,https://www.lagou.com/jobs/2914210.html,15,2017/11/6,经验5-10年 , 本科,北京・中关村,“技术挑战、工作居住证、美味果盘、运动健身”
技术,后端开发,Java,java开发,泛微,https://www.lagou.com/jobs/2681108.html,12,10:46发布,经验1-3年 , 本科,上海・浦江,“年终奖一年加薪两次绩效奖金一日四餐”
技术,后端开发,Java,JAVA开发工程师,尚德机构,https://www.lagou.com/jobs/3799647.html,10,14:32发布,经验3-5年 , 本科,北京・来广营,"“准上市公司,五险一金”"
技术,后端开发,Java,Java开发工程师,51社保网,https://www.lagou.com/jobs/3699039.html,18,15:57发布,经验5-10年 , 本科,北京・建外大街,"“互联网大咖,地铁周边,七险一金,团建丰富”"
技术,后端开发,Java,Java开发工程师,乐天创研,https://www.lagou.com/jobs/3586997.html,10,09:26发布,经验3-5年 , 本科,大连・中山区,"“跨境电商,和谐稳定,出国培训,不加班”"
技术,后端开发,Java,Java开发工程师,链家上海研发中心,https://www.lagou.com/jobs/699510.html,15,2017/11/7,经验3-5年 , 本科,上海・吴江路,“万亿级O2O平台 一年两次调薪 季度奖金”
技术,后端开发,Java,Java开发工程师,开科唯识,https://www.lagou.com/jobs/3798359.html,7,11:18发布,经验1-3年 , 本科,佛山・桂城,"“五险一金,金融项目,弹性工作,晋升空间”"
技术,后端开发,Java,Java,浙江执御信息技术有限公司,https://www.lagou.com/jobs/2472508.html,15,09:11发布,经验3-5年 , 大专,杭州・拱墅区,"“扁平化管理,年终奖金,带薪休假,旅游活动”"
技术,后端开发,Java,Java开发,有鱼金融科技,https://www.lagou.com/jobs/688530.html,15,09:07发布,经验3-5年 , 本科,上海・漕宝路,“无限发挥空间，快来跟牛逼的团队一起战斗！”
技术,后端开发,Java,Java,壹米滴答,https://www.lagou.com/jobs/2517279.html,15,08:38发布,经验3-5年 , 本科,上海,“福利待遇好、员工旅游、交社保”
技术,后端开发,Java,java开发工程师,金证股份,https://www.lagou.com/jobs/3799736.html,7,14:40发布,经验3-5年 , 本科,上海・唐镇,"“假期多,加班少,环境好,旅游”"
技术,后端开发,Java,Java开发工程师,趣丸,https://www.lagou.com/jobs/3799458.html,8,14:14发布,经验1-3年 , 本科,广州・棠下,"“发展空间大,技术氛围好,大牛多,福利好”"
技术,后端开发,Java,Java开发工程师,江苏亿科达,https://www.lagou.com/jobs/3298523.html,10,09:41发布,经验3-5年 , 大专,上海・浦东新区,"“五险一金,年终奖,体检旅游,过节费”"
技术,后端开发,Java,Java开发工程师,zilliz,https://www.lagou.com/jobs/3320102.html,15,09:17发布,经验3-5年 , 本科,上海・徐汇区,"“丰厚期权,行业高薪,前沿技术,精英团队”"
技术,后端开发,Java,Java开发工程师,360,https://www.lagou.com/jobs/3719059.html,15,2017-10-18,经验3-5年 , 本科,北京・酒仙桥,“团队专业，福利好，有班车，管三餐”
技术,后端开发,Ruby,ruby开发工程师,360企业安全,https://www.lagou.com/jobs/3801752.html,15,17:41发布,经验3-5年 , 不限,北京・酒仙桥,“五险一金，弹性工作，餐饮补贴，节日福利”
技术,后端开发,Ruby,Ruby开发工程师,Udesk－企业级智能客服平台,https://www.lagou.com/jobs/3655862.html,10,13:35发布,经验1-3年 , 本科,北京・西直门,"“技术牛逼,晋升机会多,待遇好,团队氛围好”"
技术,后端开发,Ruby,Ruby 开发,新希望软件,https://www.lagou.com/jobs/2550526.html,9,13:37发布,经验1-3年 , 本科,宁波・倪家堰,“升值空间，出国机会，认真踏实做事”
技术,后端开发,Ruby,Ruby,北京盛安德,https://www.lagou.com/jobs/3632019.html,10,17:37发布,经验3-5年 , 本科,苏州・独墅湖,“弹性工作不打卡；专业Ruby开发团队”
技术,后端开发,Ruby,Ruby开发工程师,新氧盒子,https://www.lagou.com/jobs/3401654.html,20,09:37发布,经验1-3年 , 本科,北京・朝阳区,"“年底多薪,带薪旅游,下午茶,晋升空间大”"
技术,后端开发,Ruby,Ruby,中电博亚,https://www.lagou.com/jobs/2532097.html,15,10:18发布,经验3-5年 , 本科,杭州・西湖,"“五险一金,双休+年假,丰厚年终,零食+旅游”"
技术,后端开发,Ruby,Ruby开发工程师,tap4fun,https://www.lagou.com/jobs/2806399.html,15,09:44发布,经验不限 , 本科,成都・高新区,“六险一金”
技术,后端开发,Ruby,Ruby开发工程师,机智云,https://www.lagou.com/jobs/2315590.html,8,11:02发布,经验1-3年 , 大专,广州,“五险一金 定期体检 国内外旅游 交通补贴”
技术,后端开发,Ruby,Ruby 工程师,无二之旅,https://www.lagou.com/jobs/3541775.html,12,10:57发布,经验不限 , 本科,北京・大望路,"“午餐晚餐,rMPB,人体工学椅”"
技术,后端开发,Ruby,高级ruby开发工程师,掌门集团,https://www.lagou.com/jobs/3797671.html,15,10:23发布,经验3-5年 , 本科,上海・张江,"“福利好,氛围好,前景佳”"
技术,后端开发,Ruby,Ruby 工程师,Strikingly,https://www.lagou.com/jobs/1930557.html,15,11:10发布,经验不限 , 不限,上海,“产品导向 国际化团队 营养三餐 各种福利”
技术,后端开发,Ruby,Ruby开发工程师,金山办公软件,https://www.lagou.com/jobs/3703629.html,15,2017/11/6,经验不限 , 大专,珠海・上地,"“团队旅游,自助三餐,补充医疗,年终奖”"
技术,后端开发,Ruby,Ruby 开发工程师,智慧工场,https://www.lagou.com/jobs/2578509.html,9,2017/11/6,经验1-3年 , 大专,成都・高新区,"“年轻团队,成长空间大,重视能力,六险一金”"
技术,后端开发,Ruby,资深Ruby工程师,英语流利说,https://www.lagou.com/jobs/2109671.html,20,2017/11/6,经验3-5年 , 本科,上海・杨浦区,“硅谷氛围 mac办公 私厨三餐”
技术,后端开发,Ruby,Ruby开发工程师,脚印数据,https://www.lagou.com/jobs/3279435.html,15,2017/11/6,经验3-5年 , 大专,深圳・科技园,"“大牛教做人,队员傻兮兮,队员乐呵呵,当家做主人”"
技术,后端开发,Ruby,Ruby,北京盛安德,https://www.lagou.com/jobs/3478449.html,10,17:37发布,经验3-5年 , 本科,武汉・卓刀泉,“弹性工作不打卡；Ruby专业团队；”
技术,后端开发,Ruby,Ruby,Udesk－企业级智能客服平台,https://www.lagou.com/jobs/2330589.html,10,09:17发布,经验1-3年 , 本科,北京,“高成长企业，团队强悍，待遇丰厚”
技术,后端开发,Ruby,Ruby 工程师,掌门集团,https://www.lagou.com/jobs/3359645.html,15,2017/11/6,经验3-5年 , 本科,上海・浦东新区,"“大流量,React”"
技术,后端开发,Ruby,Ruby 工程师,悠安致,https://www.lagou.com/jobs/3666479.html,10,2017/11/7,经验1-3年 , 本科,上海・浦东新区,"“大牛团队,医疗背景,提升技能,技术气氛”"
技术,后端开发,Ruby,Ruby工程师,英语流利说,https://www.lagou.com/jobs/3473747.html,15,2017/11/6,经验不限 , 本科,上海・周家嘴路,"“N+1奖金,硅谷系,私厨三餐,顶尖团队”"
技术,后端开发,Ruby,Ruby工程师,磁土科技,https://www.lagou.com/jobs/3758049.html,12,2017/11/6,经验3-5年 , 不限,北京・酒仙桥,"“高效团队,追求全栈,项目前景好,超棒福利”"
技术,后端开发,Ruby,Ruby 工程师,金数据,https://www.lagou.com/jobs/415281.html,12,11:30发布,经验3-5年 , 不限,西安・高新技术产业开发区,"“年底双薪，高配电脑, 有爱团队，福利多多”"
技术,后端开发,Ruby,Ruby开发工程师,LinkFace,https://www.lagou.com/jobs/3456194.html,12,2017-11-03,经验1-3年 , 本科,北京・海淀区,"“待遇优厚,前景广阔,成长迅速,团队活跃”"
技术,后端开发,Ruby,Ruby工程师,INK 银客集团,https://www.lagou.com/jobs/3390782.html,18,2017/11/6,经验5-10年 , 本科,北京・西三旗,"“七险一金,大项目,牛人团队,16薪考核”"
技术,后端开发,Ruby,Ruby,一闪,https://www.lagou.com/jobs/750196.html,15,12:59发布,经验不限 , 不限,北京・大望路,“MacBook Pro，23寸显示器”
技术,后端开发,Ruby,Ruby工程师,薄荷,https://www.lagou.com/jobs/1830004.html,15,2017/11/7,经验1-3年 , 本科,上海・浦东新区,“美女如云”
技术,后端开发,Ruby,Java/Ruby/C# 应用软件开发工程师,ThoughtWorks,https://www.lagou.com/jobs/3798217.html,9,11:06发布,经验1-3年 , 不限,西安・高新技术产业开发区,"“五险一金,出国机会,年底双薪,扁平管理”"
技术,后端开发,Ruby,Ruby开发工程师,友好速搭,https://www.lagou.com/jobs/833138.html,10,2017-10-26,经验1-3年 , 不限,深圳・科技园,“来与半年估值翻60倍的刀锋团队，躺着赚钱”
技术,后端开发,Ruby,资深 Ruby 工程师,无二之旅,https://www.lagou.com/jobs/3608025.html,18,10:57发布,经验不限 , 不限,北京・大望路,"“午餐晚餐,rMPB,年假补贴”"
技术,后端开发,Ruby,Ruby工程师,盖娅互娱,https://www.lagou.com/jobs/2086743.html,10,10:33发布,经验不限 , 不限,北京・望京,“上市公司；弹性办公；扁平化管理”
技术,后端开发,Ruby,Ruby,北京盛安德,https://www.lagou.com/jobs/3783705.html,15,17:37发布,经验5-10年 , 本科,上海・复兴公园,“团队负责人；分公司经理人”
技术,后端开发,Ruby,ruby初级工程师,Udesk－企业级智能客服平台,https://www.lagou.com/jobs/3685812.html,5,13:35发布,经验1年以下 , 本科,北京・西直门,"“老人带,发展空间大,团队牛,技术牛”"
技术,后端开发,Ruby,软件开发工程师（ruby）,INK 银客集团,https://www.lagou.com/jobs/3291993.html,15,2017/11/6,经验3-5年 , 本科,北京・西三旗,"“七险一金,弹性工作,16薪考核,牛人团队”"
技术,后端开发,Ruby,资深Ruby工程师,简书,https://www.lagou.com/jobs/3064680.html,20,10:31发布,经验5-10年 , 本科,上海・徐家汇,"“Mac办公,大牛团队,福利多多,年终奖金”"
技术,后端开发,Ruby,Ruby工程师,GrowingIO,https://www.lagou.com/jobs/1682415.html,25,2017/11/7,经验1-3年 , 本科,北京・望京,“牛人共事 期权激励 硅谷文化 扁平管理”
技术,后端开发,Ruby,Ruby/Rails开发工程师,爱燃烧,https://www.lagou.com/jobs/35611.html,10,10:10发布,经验1-3年 , 不限,上海・镇宁路,“标配苹果、轻松氛围、扁平化管理、弹性工作”
技术,后端开发,Ruby,初级Ruby工程师,盖娅互娱,https://www.lagou.com/jobs/2334171.html,7,10:33发布,经验不限 , 不限,北京,“上市公司；弹性办公；扁平化管理”
技术,后端开发,Ruby,Ruby,SenseTime,https://www.lagou.com/jobs/3202011.html,18,2017/11/6,经验1-3年 , 本科,北京・海淀区,"“技术大牛,行业前景”"
技术,后端开发,Ruby,Ruby工程师-平台架构方向,大鱼自助游,https://www.lagou.com/jobs/3380922.html,15,2017/11/6,经验3-5年 , 本科,北京・朝阳区,"“全额公积金,多薪制,半年调薪,大厨做饭”"
技术,后端开发,Ruby,Ruby开发工程师,两把刷子,https://www.lagou.com/jobs/879267.html,15,2017-10-21,经验不限 , 大专,北京・高碑店,“靠谱的团队靠谱的项目需要靠谱的你”
技术,后端开发,Ruby,Ruby,Kdan Mobile,https://www.lagou.com/jobs/951596.html,9,2017-10-31,经验1-3年 , 本科,长沙・开福区,“本公司制度健全、福利完善、期待你的加入。”
技术,后端开发,Ruby,Ruby高级工程师,一闪,https://www.lagou.com/jobs/3134674.html,25,12:59发布,经验不限 , 不限,北京・朝阳区,"“成长快,扁平化管理,氛围轻松”"
技术,后端开发,Ruby,Ruby开发工程师,土拨鼠,https://www.lagou.com/jobs/2033297.html,5,10:01发布,经验1-3年 , 本科,南京・尧化,“五险一金、周末双休、项目奖金”
技术,后端开发,Ruby,Ruby开发工程师,国翰能源,https://www.lagou.com/jobs/3358854.html,4,2017/11/6,经验1-3年 , 大专,重庆・渝北区,"“五险,公积金,双休”"
技术,后端开发,Ruby,初中级Ruby开发工程师,爱乐奇,https://www.lagou.com/jobs/3726009.html,10,2017-10-20,经验1-3年 , 本科,上海・浦东新区,"“团队氛围好,技术氛围浓,公司前景佳”"
技术,后端开发,Ruby,Ruby,北京盛安德,https://www.lagou.com/jobs/3632030.html,10,17:37发布,经验3-5年 , 本科,武汉・卓刀泉,“弹性工作不打卡；专业Ruby开发团队”
技术,后端开发,Ruby,Ruby助理工程师,Udesk－企业级智能客服平台,https://www.lagou.com/jobs/2309211.html,8,09:17发布,经验不限 , 本科,北京・西直门,“团队强悍、成长快”
技术,后端开发,Ruby,Ruby工程师(初级),大鱼自助游,https://www.lagou.com/jobs/3520216.html,10,2017/11/6,经验1-3年 , 本科,北京・朝阳区,"“技术氛围浓,半年调薪,多薪制,免费午餐”"
技术,后端开发,Ruby,高级Ruby开发工程师,爱乐奇,https://www.lagou.com/jobs/3725954.html,15,2017-10-20,经验5-10年 , 本科,上海・浦东新区,"“团队氛围好,技术氛围浓,公司前景佳”"
技术,后端开发,Ruby,Ruby 中高级工程师 / 全栈工程师,磁土科技,https://www.lagou.com/jobs/2295314.html,12,2017/11/6,经验3-5年 , 不限,北京・酒仙桥,“高效率，全栈团队！午晚餐免费房补15天年假”
技术,后端开发,Ruby,Ruby开发工程师,飞诊,https://www.lagou.com/jobs/1682080.html,10,15:36发布,经验1-3年 , 本科,上海・瑞金宾馆区,“带薪假 员工旅游 期权 学习型团队 产品驱动”
技术,后端开发,Ruby,资深Java web/Ruby开发,FreeWheel,https://www.lagou.com/jobs/2812501.html,20,2017-10-31,经验3-5年 , 本科,北京・三元桥,"“美资互联网,英文环境,技术导向”"
技术,后端开发,Ruby,Ruby后端开发工程师,致维网络,https://www.lagou.com/jobs/3750120.html,10,09:36发布,经验3-5年 , 本科,上海・长征,"“五险一金,弹性工作,员工旅游,绩效奖金”"
技术,后端开发,Ruby,Ruby研发工程师,Lankr,https://www.lagou.com/jobs/668115.html,10,2017/11/6,经验1-3年 , 不限,上海・长征,“医药电商 团队超过5年合作历史”
技术,后端开发,Ruby,Ruby 开发工程师 （5人）,MDPI,https://www.lagou.com/jobs/420654.html,8,2017/11/6,经验1-3年 , 本科,武汉・武昌区,“五险一金、年底双薪、节日福利、带薪年假”
技术,后端开发,Ruby,Ruby 工程师,多点科技,https://www.lagou.com/jobs/3112776.html,15,09:32发布,经验3-5年 , 本科,北京・朝阳区,"“上市公司,诱人薪酬,福利优厚,弹性时间”"
技术,后端开发,Ruby,Ruby工程师,Dunkhome当客,https://www.lagou.com/jobs/3724531.html,12,2017-10-19,经验1-3年 , 不限,杭州・江南,"“年度13薪,高速发展,季度奖金,定期篮球”"
技术,后端开发,Ruby,Ruby开发工程师,上海誉渡,https://www.lagou.com/jobs/3299732.html,15,2017/11/7,经验1-3年 , 本科,上海・龙柏,"“专业培训,股票期权”"
技术,后端开发,Ruby,Ruby/Rails 高级工程师,立返利,https://www.lagou.com/jobs/3417241.html,15,16:47发布,经验1-3年 , 本科,北京・中关村,"“邻近地铁,不加班,弹性工作,零食随便吃”"
技术,后端开发,Ruby,ruby开发工程师,summer校园,https://www.lagou.com/jobs/3771013.html,15,12:16发布,经验1-3年 , 本科,北京・海淀区,"“五险一金,团建活动,领导nic”"
技术,人工智能,自然语言处理,自然语言处理,360,https://www.lagou.com/jobs/1302845.html,25,11:21发布,经验3-5年 , 本科,北京・酒仙桥,“股票 保险 免费3餐”
技术,人工智能,自然语言处理,自然语言处理,普强信息,https://www.lagou.com/jobs/3798493.html,15,11:32发布,经验不限 , 本科,北京・海淀区,"“北京户口,年底双薪,下午茶,体检和旅游”"
技术,人工智能,自然语言处理,自然语言处理,滴滴出行,https://www.lagou.com/jobs/2012093.html,20,14:48发布,经验3-5年 , 本科,杭州・高新文教区,“六险一金，即将上市”
技术,人工智能,自然语言处理,自然语言处理工程师,江村市隐,https://www.lagou.com/jobs/3800563.html,20,15:58发布,经验3-5年 , 硕士,上海・张江,"“福利完善,试用全薪”"
技术,人工智能,自然语言处理,自然语言处理,智慧芽,https://www.lagou.com/jobs/2415218.html,15,2017/11/6,经验1-3年 , 本科,苏州・娄葑,“行业前景广阔；老板NICE；弹性工作时间”
技术,人工智能,自然语言处理,自然语言处理,美团点评,https://www.lagou.com/jobs/2547720.html,30,00:05发布,经验3-5年 , 本科,北京・望京,"“超值期权,爆发机会,丰厚福利”"
技术,人工智能,自然语言处理,自然语言处理科学家/工程师（NLP）,京东金融,https://www.lagou.com/jobs/3800856.html,25,16:22发布,经验不限 , 博士,北京・大兴区,“牛人团队 氛围浓厚 多业务场景落地”
技术,人工智能,自然语言处理,AI技术专家-自然语言处理方向,金蝶,https://www.lagou.com/jobs/3795076.html,25,10:10发布,经验5-10年 , 本科,深圳・科技园,“公司高速发展 重要职位 待遇好 平台好”
技术,人工智能,自然语言处理,自然语言处理工程师,泛微,https://www.lagou.com/jobs/3782680.html,30,18:29发布,经验3-5年 , 本科,上海・闵行区,"“绩效奖金,上市公司,三餐福利,半年调薪”"
技术,人工智能,自然语言处理,自然语言处理,Udesk－企业级智能客服平台,https://www.lagou.com/jobs/3412421.html,30,09:17发布,经验5-10年 , 硕士,北京・西直门,"“团队强悍,待遇丰厚,数据规模,场景明确”"
技术,人工智能,自然语言处理,自然语言处理工程师,广州棒谷网络科技有限公司,https://www.lagou.com/jobs/3729122.html,12,09:15发布,经验1-3年 , 硕士,广州・白云大道,"“NLP,人工智能”"
技术,人工智能,自然语言处理,NLP,时光网-Mtime,https://www.lagou.com/jobs/2797445.html,30,10:52发布,经验5-10年 , 硕士,北京・华贸,"“七险一金,弹性工时,行业大牛,综合补贴”"
技术,人工智能,自然语言处理,自然语言处理,爱狄特,https://www.lagou.com/jobs/3761835.html,20,17:25发布,经验3-5年 , 硕士,北京・东直门,“六险一金，带薪年假，绩效奖金”
技术,人工智能,自然语言处理,自然语言处理工程师,美柚,https://www.lagou.com/jobs/3716636.html,10,14:40发布,经验1-3年 , 硕士,厦门・思明区,"“开放,大团队,专业,技术分享”"
技术,人工智能,自然语言处理,自然语言处理工程师,丝路天地,https://www.lagou.com/jobs/3790344.html,15,09:39发布,经验1-3年 , 本科,深圳・南油,"“周末双休,五险一金”"
技术,人工智能,自然语言处理,自然语言处理工程师,360,https://www.lagou.com/jobs/3761016.html,20,2017-10-30,经验5-10年 , 本科,北京・酒仙桥,“奖金 食堂 班车 健身房”
技术,人工智能,自然语言处理,NLP工程师,智慧芽,https://www.lagou.com/jobs/3214490.html,15,2017/11/6,经验1-3年 , 本科,苏州・娄葑,"“NLP,算法工程师”"
技术,人工智能,自然语言处理,自然语言处理（资深 或 专家）,美团点评,https://www.lagou.com/jobs/3152880.html,35,00:05发布,经验1-3年 , 硕士,北京・望京,"“超值期权,带薪年假,补充商险,大牛团队”"
技术,人工智能,自然语言处理,NLP（自然语言处理）,Udesk－企业级智能客服平台,https://www.lagou.com/jobs/3655618.html,15,13:35发布,经验3-5年 , 本科,北京・西直门,"“技术大牛,晋升机会多,SaaS,领导好”"
技术,人工智能,自然语言处理,自然语言处理工程师,泛微,https://www.lagou.com/jobs/3783954.html,25,09:14发布,经验3-5年 , 硕士,上海・闵行区,"“五险一金,免费三餐,员工旅游,生日福利”"
技术,人工智能,自然语言处理,自然语言处理,普强信息,https://www.lagou.com/jobs/3643203.html,25,2017/11/7,经验不限 , 不限,北京・西北旺,"“北京户口,语音识别,深度学习,机器学习”"
技术,人工智能,自然语言处理,自然语言处理,阡寻,https://www.lagou.com/jobs/2429497.html,10,15:41发布,经验1-3年 , 硕士,长沙・岳麓区,"“五险一金,交通补助,午餐补助,年终奖”"
技术,人工智能,自然语言处理,自然语言处理工程师,深圳非凡之星网络科技有限公司,https://www.lagou.com/jobs/3801299.html,20,17:01发布,经验1-3年 , 本科,深圳・南油,"“周末双休,员工下午茶,五险一金”"
技术,人工智能,自然语言处理,自然语言处理工程师,汽车之家,https://www.lagou.com/jobs/3592710.html,20,15:32发布,经验3-5年 , 硕士,北京・中关村,“上市公司，福利好，待遇好”
技术,人工智能,自然语言处理,自然语言处理工程师,国美互联网,https://www.lagou.com/jobs/3796129.html,20,2017/11/7,经验1-3年 , 本科,北京・三元桥,"“五险一金,弹性工作日”"
技术,人工智能,自然语言处理,自然语言处理工程师,逸途科技,https://www.lagou.com/jobs/3596193.html,35,2017/11/7,经验不限 , 硕士,北京・酒仙桥,"“免费水果,免费健身,定期团建,五险一金”"
技术,人工智能,自然语言处理,自然语言处理工程师,颐圣智能,https://www.lagou.com/jobs/3400565.html,15,10:25发布,经验3-5年 , 硕士,北京・朝阳区,"“扁平化管理,五险一金,公司氛围好,晋升空间大”"
技术,人工智能,自然语言处理,架构师-NLP自然语言处理,金蝶,https://www.lagou.com/jobs/3261816.html,20,2017/11/7,经验5-10年 , 本科,深圳・科技园,“战略产品前期骨干”
技术,人工智能,自然语言处理,自然语言处理工程师,思必驰科技,https://www.lagou.com/jobs/3580514.html,15,2017/11/7,经验1-3年 , 硕士,苏州・独墅湖,“人工智能团队，阿里投资背景”
技术,人工智能,自然语言处理,NLP研究员,华卓科技,https://www.lagou.com/jobs/2639930.html,10,10:05发布,经验不限 , 博士,杭州・东新路,"“NLP,浙大系,带薪年假,五险一金”"
技术,人工智能,自然语言处理,自然语言处理工程师,泛微,https://www.lagou.com/jobs/3776995.html,20,09:18发布,经验1-3年 , 硕士,上海・闵行区,"“半年调薪,福利待遇佳,免费三餐”"
技术,人工智能,自然语言处理,NLP工程师,逸途科技,https://www.lagou.com/jobs/3595289.html,20,2017/11/7,经验1-3年 , 硕士,北京・酒仙桥,"“发展前景,薪酬福利,牛B团队”"
技术,人工智能,自然语言处理,自然语言处理工程师,汽车之家,https://www.lagou.com/jobs/3394334.html,20,15:32发布,经验3-5年 , 硕士,北京・中关村,“上市公司，技术氛围浓，工作环境棒~”
技术,人工智能,自然语言处理,NLP自然语言处理工程师,智慧芽,https://www.lagou.com/jobs/2673795.html,20,2017/11/6,经验不限 , 博士,上海・天目西路,“弹性工作 全额社保公积金 医疗保险”
技术,人工智能,自然语言处理,自然语言处理算法工程师,360,https://www.lagou.com/jobs/3104866.html,20,11:21发布,经验1-3年 , 硕士,北京・酒仙桥,“五险一金 免费三餐 长期激励”
技术,人工智能,自然语言处理,NLP工程师,复星金服,https://www.lagou.com/jobs/3151765.html,10,09:35发布,经验3-5年 , 本科,上海・漕河泾,"“国际平台,大牛云集,补充公积金,包三餐”"
技术,人工智能,自然语言处理,自然语言处理工程师,网龙网络有限公司,https://www.lagou.com/jobs/3682936.html,15,08:51发布,经验1-3年 , 硕士,苏州・独墅湖,"“薪资福利好,办公环境好,晋升机制好,技术牛人多”"
技术,人工智能,自然语言处理,算法工程师－NLP自然语言处理,阿西莫夫,https://www.lagou.com/jobs/1590740.html,20,2017/11/7,经验3-5年 , 硕士,深圳・科技园,“在最高视野为智能机器人赋予人性的交互”
技术,人工智能,自然语言处理,自然语言处理研究员,思必驰科技,https://www.lagou.com/jobs/817799.html,15,2017/11/7,经验1-3年 , 硕士,苏州・独墅湖,“国内一流语音技术团队，阿里投资背景”
技术,人工智能,自然语言处理,自然语言NLP处理工程师,探知数据,https://www.lagou.com/jobs/3787060.html,15,17:36发布,经验1-3年 , 本科,上海・杨浦区,"“股权期权,周末双休,弹性工作,技术团队牛”"
技术,人工智能,自然语言处理,NLP工程师,阿博茨科技,https://www.lagou.com/jobs/3541327.html,12,14:15发布,经验1-3年 , 本科,武汉・关山,"“人工智能,大数据,互联网科技,金融”"
技术,人工智能,自然语言处理,自然语言处理工程师,小米,https://www.lagou.com/jobs/3758926.html,18,09:40发布,经验3-5年 , 本科,北京・海淀区,"“期权激励,技术核心”"
技术,人工智能,自然语言处理,自然语言处理工程师,誉存科技,https://www.lagou.com/jobs/3526658.html,8,2017/11/7,经验3-5年 , 本科,重庆・渝北区,"“学习系统化,行业前三,培养系统化,高激励”"
技术,人工智能,自然语言处理,自然语言处理/机器学习研究员,爱奇艺,https://www.lagou.com/jobs/3795694.html,20,09:48发布,经验3-5年 , 本科,北京・中关村,“技术氛围好、海量数据和请求、前景光明”
技术,人工智能,自然语言处理,自然语言处理工程师,泰迪智慧,https://www.lagou.com/jobs/2565322.html,12,11:20发布,经验3-5年 , 硕士,武汉・鲁巷,“五险一金，弹性工作，期权”
技术,人工智能,自然语言处理,自然语言处理工程师,泛微,https://www.lagou.com/jobs/3774750.html,20,09:14发布,经验1-3年 , 硕士,上海・闵行区,"“五险一金,免费三餐,员工旅游,生日福利”"
技术,人工智能,自然语言处理,NLP工程师,信和财富,https://www.lagou.com/jobs/3077404.html,10,2017/11/7,经验不限 , 本科,北京・团结湖,"“晋升空间大,领导nic”"
技术,人工智能,自然语言处理,自然语言处理,APUS Group,https://www.lagou.com/jobs/2549005.html,25,2017/11/7,经验3-5年 , 本科,北京・望京,"“快速发展,技术大牛”"
技术,人工智能,自然语言处理,自然语言处理工程师,文创清科,https://www.lagou.com/jobs/3690257.html,15,2017/11/7,经验3-5年 , 本科,成都・高新区,"“六险一金,BAT团队,最低14薪,弹性时间”"
技术,人工智能,自然语言处理,自然语言处理,爱狄特,https://www.lagou.com/jobs/2080001.html,20,17:26发布,经验3-5年 , 本科,北京・东直门,“六险一金，带薪年假，绩效奖金”
技术,人工智能,自然语言处理,NLP工程师,Rokid,https://www.lagou.com/jobs/3755517.html,20,12:50发布,经验3-5年 , 本科,杭州・西溪,"“人工智能,出国机会,股票期权,接触大牛”"
技术,人工智能,自然语言处理,NLP研发工程师,妙健康,https://www.lagou.com/jobs/3633906.html,20,11:25发布,经验1-3年 , 本科,北京・大望路,"“六险一金,福利健全,发展平台广,技术氛围好”"
技术,人工智能,自然语言处理,自然语言处理研发工程师,达西科技,https://www.lagou.com/jobs/2775579.html,15,09:42发布,经验1-3年 , 本科,杭州・西兴,"“晋升空间,需求驱动,五险一金,双休”"
技术,人工智能,自然语言处理,自然语言处理工程师,51Talk 无忧英语,https://www.lagou.com/jobs/3398607.html,25,09:48发布,经验3-5年 , 本科,深圳・科技园,“美国上市 晋升空间大 老板好 氛围好”
技术,人工智能,自然语言处理,自然语言处理工程师,诺奚信息技术有限公司,https://www.lagou.com/jobs/3714131.html,15,09:52发布,经验1-3年 , 本科,上海・静安区,"“扁平化处理,公司氛围好,技术先驱”"
技术,人工智能,自然语言处理,MIG06-自然语言处理研究员（深圳）,腾讯,https://www.lagou.com/jobs/3402370.html,18,09:28发布,经验3-5年 , 本科,深圳・南山区,"“大平台,新领域,大咖多”"
技术,人工智能,自然语言处理,自然语言处理,喜马拉雅,https://www.lagou.com/jobs/3690296.html,20,2017/11/7,经验1-3年 , 本科,上海・张江,“音频独角兽，弹性工作，发展平台、年终奖金”
技术,人工智能,自然语言处理,自然语言处理工程师,源杉FIR.ai,https://www.lagou.com/jobs/3591061.html,20,2017/11/7,经验3-5年 , 硕士,上海・杨浦区,"“人工智能,深度学习,股权激励,大牛团队”"
技术,人工智能,自然语言处理,自然语言处理,爱奇艺,https://www.lagou.com/jobs/362654.html,30,2017/11/6,经验3-5年 , 硕士,北京・中关村,“几亿的搜索query、千万级别的独立搜索词”
技术,人工智能,自然语言处理,自然语言处理工程师,华樾教育,https://www.lagou.com/jobs/3663401.html,20,10:02发布,经验1-3年 , 硕士,北京・海淀区,"“弹性工作,七险一金,出国旅游,午餐补助”"
技术,测试,测试其它,测试,泛微,https://www.lagou.com/jobs/2684986.html,6,09:20发布,经验1-3年 , 本科,上海・浦江,“美味三餐 国外旅游 零食水果不断 晋升广”
技术,测试,测试其它,测试开发,360,https://www.lagou.com/jobs/2338644.html,25,2017-10-30,经验5-10年 , 本科,北京・酒仙桥,“激情满满的工作，热情满满的福利”
技术,测试,测试其它,软件测试,文思海辉,https://www.lagou.com/jobs/3800280.html,10,15:32发布,经验3-5年 , 大专,杭州・西湖区,"“大平台,六险一金,晋升空间大,学习机会多”"
技术,测试,测试其它,测试工程师,屏芯科技,https://www.lagou.com/jobs/3801373.html,6,17:06发布,经验1-3年 , 本科,青岛・燕儿岛,“五险一金 双休 年假 下午茶 餐补 全勤奖”
技术,测试,测试其它,测试工程师,每日优鲜,https://www.lagou.com/jobs/3801983.html,10,18:07发布,经验3-5年 , 本科,北京・望京,“晋升空间大，团队氛围好”
技术,测试,测试其它,软件测试,新航动力,https://www.lagou.com/jobs/3799789.html,5,14:45发布,经验1-3年 , 大专,长沙・麓谷,"“五险一金,带薪年假,节假日福利,项目奖金”"
技术,测试,测试其它,测试工程师,尚德机构,https://www.lagou.com/jobs/3798596.html,15,11:43发布,经验1-3年 , 本科,武汉・光谷,“向上空间 薪酬绩效”
技术,测试,测试其它,测试工程师,所思科技,https://www.lagou.com/jobs/3801301.html,15,17:01发布,经验3-5年 , 本科,北京・望京,"“年底双薪,六险一金,弹性工作,紧邻地铁”"
技术,测试,测试其它,测试工程师,思源时代,https://www.lagou.com/jobs/3798552.html,4,11:38发布,经验3-5年 , 大专,郑州・中原区,“五险一金弹性工作制奖金年假体检节日福利”
技术,测试,测试其它,测试工程师,第一视频,https://www.lagou.com/jobs/3800798.html,15,16:17发布,经验3-5年 , 本科,北京・望京,"“五险一金,绩效奖金,带薪年假,餐补”"
技术,测试,测试其它,测试工程师,天鸽互动,https://www.lagou.com/jobs/3798932.html,8,12:25发布,经验1-3年 , 本科,杭州・上城区,"“内部培训,优秀团队,带薪年假”"
技术,测试,测试其它,测试工程师,知坤科技,https://www.lagou.com/jobs/3798832.html,8,12:03发布,经验1-3年 , 大专,杭州・西溪,“有前途”
技术,测试,测试其它,测试工程师,Hellobike哈罗单车,https://www.lagou.com/jobs/3797572.html,10,10:15发布,经验3-5年 , 大专,上海・闵行区,“年底双薪”
技术,测试,测试其它,测试工程师,雁联计算,https://www.lagou.com/jobs/3798520.html,7,11:35发布,经验1-3年 , 大专,重庆・渝北区,“六险一金、高温补贴、节假日福利、带薪年假”
技术,测试,测试其它,测试,安徽机器猫,https://www.lagou.com/jobs/2917751.html,5,09:26发布,经验1-3年 , 大专,合肥・三里街,“上升空间大”
技术,测试,测试其它,测试,泛微,https://www.lagou.com/jobs/2667038.html,6,10:46发布,经验1-3年 , 本科,上海・浦江,“员工旅游、工作日美味三餐、舒心的工作氛围”
技术,测试,测试其它,测试工程师,360,https://www.lagou.com/jobs/3432894.html,25,2017-10-30,经验5-10年 , 本科,北京・酒仙桥,“激情满满的工作，热情满满的福利”
技术,测试,测试其它,测试工程师,尚德机构,https://www.lagou.com/jobs/3799082.html,10,13:23发布,经验1-3年 , 本科,武汉・光谷,“团队氛围好 发展空间大”
技术,测试,测试其它,软件测试,阿拉丁信息科技,https://www.lagou.com/jobs/3607356.html,8,09:40发布,经验3-5年 , 大专,杭州・滨江区,"“福利好,补贴多,年终奖,扁平化”"
技术,测试,测试其它,测试开发,恒昌利通,https://www.lagou.com/jobs/3800554.html,20,15:57发布,经验5-10年 , 本科,北京・西北旺,“团队完美，领导nice.”
技术,测试,测试其它,测试工程师,懒财网,https://www.lagou.com/jobs/2587743.html,20,2017/11/7,经验3-5年 , 本科,杭州・建设二路,“七险一金，年度境外游，扁平管理”
技术,测试,测试其它,测试工程师,家园网,https://www.lagou.com/jobs/3797294.html,10,09:46发布,经验1-3年 , 本科,北京・广渠门,"“14薪,各种福利,良好晋升”"
技术,测试,测试其它,测试,微盟,https://www.lagou.com/jobs/3422185.html,9,2017/11/7,经验3-5年 , 大专,上海・吴淞,“公司前景好 发展空间大”
技术,测试,测试其它,测试工程师,爱致（AZLOOK）国际时尚配饰体验式消费服务平台,https://www.lagou.com/jobs/3800037.html,6,15:10发布,经验1-3年 , 不限,北京・三元桥,"“扁平管理,高成长,弹性工作”"
技术,测试,测试其它,测试工程师,华云数据,https://www.lagou.com/jobs/3207085.html,7,10:04发布,经验1-3年 , 本科,无锡・雪浪,“云计算 绩效奖金 年终奖”
技术,测试,测试其它,测试,有鱼金融科技,https://www.lagou.com/jobs/2653832.html,6,09:07发布,经验1-3年 , 本科,上海・漕宝路,“发展方向： 团队leader、产品负责人 ?”
技术,测试,测试其它,性能测试,链钱集团,https://www.lagou.com/jobs/3798822.html,10,12:03发布,经验1-3年 , 大专,杭州・文三路,"“五险一金,年终奖”"
技术,测试,测试其它,测试,小狗在家,https://www.lagou.com/jobs/3084979.html,9,19:10发布,经验3-5年 , 本科,上海・田林,“股权期权、可带宠物上班、团队好”
技术,测试,测试其它,性能测试,浙江执御信息技术有限公司,https://www.lagou.com/jobs/3410938.html,15,09:11发布,经验3-5年 , 不限,杭州・拱墅区,"“晋升空间,年终奖金,技术大牛,旅游活动”"
技术,测试,测试其它,测试部-测试工程师（双师）,好未来,https://www.lagou.com/jobs/3796977.html,15,08:48发布,经验1-3年 , 本科,北京・海淀区,"“免费晚饭,零食供应”"
技术,测试,测试其它,测试,泛微,https://www.lagou.com/jobs/2157402.html,6,10:46发布,经验1-3年 , 本科,上海・浦江,“工作日美味三餐、半年调薪 、国外旅游”
技术,测试,测试其它,测试工程师,360,https://www.lagou.com/jobs/2894284.html,15,2017/11/6,经验3-5年 , 本科,北京・酒仙桥,“新业务，公司重点项目，热情满满，收获多多”
技术,测试,测试其它,测试,有鱼金融科技,https://www.lagou.com/jobs/2840652.html,6,2017/11/7,经验1-3年 , 本科,上海・漕宝路,"“周末双休,五险一金,团队氛围好”"
技术,测试,测试其它,测试工程师（QA）,网宿科技,https://www.lagou.com/jobs/3489313.html,8,09:38发布,经验1-3年 , 本科,厦门・思明区,“绩效奖金”
技术,测试,测试其它,测试工程师,思源时代,https://www.lagou.com/jobs/2793966.html,4,09:48发布,经验1-3年 , 大专,郑州・管城区,“氛围和谐”
技术,测试,测试其它,性能测试,新致软件,https://www.lagou.com/jobs/2057096.html,10,08:32发布,经验1-3年 , 大专,杭州・宁围,“五险一金 补充商业保险 年度旅游 工会活动”
技术,测试,测试其它,测试工程师,钛马车联网,https://www.lagou.com/jobs/3348052.html,8,18:23发布,经验3-5年 , 本科,南昌・南昌县,"“行业领先,项目奖金,弹性工作,年度体检”"
技术,测试,测试其它,测试工程师,链家上海研发中心,https://www.lagou.com/jobs/2060837.html,7,18:02发布,经验1-3年 , 本科,上海・吴江路,“成长空间大 学习氛围好”
技术,测试,测试其它,测试,新光供应链,https://www.lagou.com/jobs/3471880.html,8,13:37发布,经验1-3年 , 大专,杭州・上城区,"“薪资优厚,五险一金”"
技术,测试,测试其它,测试工程师,灵雀云,https://www.lagou.com/jobs/3704127.html,6,11:44发布,经验1年以下 , 本科,南京・建邺区,"“项目靠谱,资金充足,团队顶级,技术领先”"
技术,测试,测试其它,系统测试,瞬联软件科技（北京）有限公司,https://www.lagou.com/jobs/2568672.html,12,06:23发布,经验不限 , 本科,上海・长宁区,“欧美世界500强，五险一金，带薪假14天”
技术,测试,测试其它,测试开发工程师,华云数据,https://www.lagou.com/jobs/2862227.html,8,10:04发布,经验3-5年 , 大专,无锡・雪浪,“绩效奖金 交通补贴 餐饮补贴 云计算”
技术,测试,测试其它,测试工程师,变蛙网络,https://www.lagou.com/jobs/3049861.html,8,15:32发布,经验3-5年 , 本科,杭州・西湖区,"“美女如云,弹性工作,环境优美,旅游福利”"
技术,测试,测试其它,软件测试,浙江执御信息技术有限公司,https://www.lagou.com/jobs/2710728.html,10,09:11发布,经验不限 , 大专,杭州・拱墅区,"“升职加薪,扁平管理,年终奖金,旅游活动”"
技术,测试,测试其它,测试,北京盛安德,https://www.lagou.com/jobs/3677808.html,10,17:37发布,经验3-5年 , 本科,杭州・西湖区,“阿里巴巴工作；云产品测试；”
技术,测试,测试其它,测试,泛微,https://www.lagou.com/jobs/2278109.html,6,10:46发布,经验1-3年 , 本科,上海・浦江,“员工旅游、工作日美味三餐、舒心的工作氛围”
技术,测试,测试其它,【手卫】测试工程师,360,https://www.lagou.com/jobs/3627093.html,25,2017-10-30,经验5-10年 , 本科,北京・酒仙桥,“激情满满的工作，热情满满的福利”
技术,测试,测试其它,测试（徐汇区）,有鱼金融科技,https://www.lagou.com/jobs/2840666.html,8,2017/11/7,经验1-3年 , 本科,上海・漕宝路,"“公司福利好,业务前景佳,接触范围广”"
技术,测试,测试其它,性能测试,新致软件,https://www.lagou.com/jobs/1939907.html,8,08:32发布,经验1-3年 , 大专,杭州・宁围,“五险一金 补充商业保险 年度旅游 工会活动”
技术,测试,测试其它,测试工程师,链家上海研发中心,https://www.lagou.com/jobs/1425818.html,12,18:02发布,经验3-5年 , 本科,上海・吴江路,“大平台 成长空间大”
技术,测试,测试其它,测试工程师,网宿科技,https://www.lagou.com/jobs/3149749.html,10,09:39发布,经验1-3年 , 本科,厦门・思明区,"“上市公司,互联网行业,平台大,薪酬福利好”"
技术,测试,测试其它,测试工程师,远传技术,https://www.lagou.com/jobs/3640448.html,8,16:29发布,经验5-10年 , 本科,杭州・滨江区,"“五险一金,餐补,年终奖金,定期体检”"
技术,测试,测试其它,测试工程师,鑫合汇,https://www.lagou.com/jobs/2892080.html,8,16:11发布,经验1-3年 , 本科,杭州・拱墅区,"“五险一金,良好的发展”"
技术,测试,测试其它,软件测试,UU跑腿,https://www.lagou.com/jobs/3559778.html,6,17:25发布,经验3-5年 , 大专,郑州・金水区,"“节日福利,带薪年假,五险一金,下午茶”"
技术,测试,测试其它,测试工程师,大唐互娱,https://www.lagou.com/jobs/3799959.html,6,15:33发布,经验1-3年 , 本科,北京・朝阳区,"“领导好,福利丰厚,绩效奖金,六险一金”"
技术,测试,测试其它,测试,辰沅金融,https://www.lagou.com/jobs/3418648.html,14,10:03发布,经验3-5年 , 本科,上海・陆家嘴,"“公司环境好,扁平化管理,晋升空间大,牛人聚集地”"
技术,测试,测试其它,测试工程师,一米好地,https://www.lagou.com/jobs/3198478.html,10,13:25发布,经验3-5年 , 本科,上海・黄浦区,"“美式氛围,15天带薪,年度旅游,旅游基金”"
技术,测试,测试其它,测试工程师,金蝶,https://www.lagou.com/jobs/3370222.html,10,11:43发布,经验3-5年 , 本科,深圳・科技园,“最潮的技术没有之一，能力即挑战又有提高”
技术,测试,测试其它,测试工程师,上海西信,https://www.lagou.com/jobs/2602673.html,5,10:38发布,经验1-3年 , 本科,乌鲁木齐・天山区,“十三薪+年终奖+团队NICE”
技术,测试,测试其它,软件测试,安徽华米科技,https://www.lagou.com/jobs/3614693.html,6,09:53发布,经验1-3年 , 大专,合肥・高新区,"“弹性工作,六险一金,双休,扁平管理”"
技术,运维,系统安全,系统安全工程师,小源科技,https://www.lagou.com/jobs/2036751.html,10,11:51发布,经验1-3年 , 本科,珠海・兰埔,“包吃、双休、五险一金、 带薪年假”
技术,运维,系统安全,系统安全研究员,安恒信息,https://www.lagou.com/jobs/2626131.html,15,09:22发布,经验1-3年 , 本科,杭州・江南,"“五险一金,带薪年假,节假日福利,国内外旅游”"
技术,运维,系统安全,系统安全工程师,凤翮正道,https://www.lagou.com/jobs/3613685.html,13,09:33发布,经验1-3年 , 大专,杭州・滨江区,"“五险一金,双休,大平台,福利多多”"
技术,运维,系统安全,系统安全工程师,途虎养车网,https://www.lagou.com/jobs/3312495.html,10,17:12发布,经验3-5年 , 本科,上海・古美,"“发展空间大,工作氛围好”"
技术,运维,系统安全,操作系统安全研究员,启明星辰,https://www.lagou.com/jobs/3787540.html,10,2017/11/6,经验1-3年 , 博士,北京・海淀区,"“平台大,薪水福利佳,上市公司”"
技术,运维,系统安全,系统安全工程师,tap4fun,https://www.lagou.com/jobs/3738867.html,20,09:44发布,经验3-5年 , 本科,成都・高新区,"“六险一金,发展空间,发展空间大”"
技术,运维,系统安全,系统安全工程师,DerbySoft,https://www.lagou.com/jobs/3442675.html,15,2017-11-03,经验3-5年 , 本科,上海・浦东新区,"“交通便捷,福利丰富,人性化管理,弹性工时”"
技术,运维,系统安全,系统安全开发工程师,小米,https://www.lagou.com/jobs/3742027.html,17,19:32发布,经验不限 , 本科,北京・清河,“期权”
技术,运维,系统安全,安全工程师-系统安全分析,京东,https://www.lagou.com/jobs/3787619.html,40,09:29发布,经验5-10年 , 本科,北京・亚运村,"“五险一金,股票期权,免费班车,补充医疗”"
技术,运维,系统安全,系统安全开发工程师,大圣科技,https://www.lagou.com/jobs/2233566.html,10,09:22发布,经验3-5年 , 本科,广州・芳村,"“福利好,上升空间大”"
技术,运维,系统安全,MIG07-系统安全研究员（北京）,腾讯,https://www.lagou.com/jobs/3401465.html,18,09:28发布,经验3-5年 , 大专,北京・北京大学,"“大平台,新领域,大咖多”"
技术,运维,系统安全,系统安全架构师,万向区块链,https://www.lagou.com/jobs/3345460.html,18,2017-10-25,经验不限 , 不限,上海・四川北路,"“公司环境好,牛人多,福利待遇佳,内环内”"
技术,运维,系统安全,系统安全研究员(二进制方向),墨云科技,https://www.lagou.com/jobs/3555818.html,15,2017/11/6,经验1-3年 , 本科,北京・上地,"“五险一金,带薪年假,餐补,弹性工作”"
技术,运维,系统安全,系统安全工程师（高级）J10691,维信金融科技集团,https://www.lagou.com/jobs/3751430.html,12,2017-10-26,经验3-5年 , 大专,上海・闸北区,"“扁平化,发展快”"
技术,运维,系统安全,美团云系统安全工程师,美团点评,https://www.lagou.com/jobs/3640395.html,25,2017-10-24,经验3-5年 , 本科,北京・和平里,"“大平台,福利好,团队强”"
技术,运维,系统安全,系统安全管理员,启明星辰,https://www.lagou.com/jobs/3447042.html,10,2017/11/6,经验1-3年 , 不限,北京・海淀区,"“福利多,平台好”"
技术,运维,系统安全,系统安全工程师,宜贷网,https://www.lagou.com/jobs/3365878.html,10,15:20发布,经验3-5年 , 不限,成都・锦江区,"“绩效奖金,五险一金,专业培训,多彩团建”"
技术,运维,系统安全,系统安全工程师,微乾信息,https://www.lagou.com/jobs/3340861.html,15,2017-10-30,经验1-3年 , 大专,广州・岭南,"“五险一金,定期活动,定期体检,双休”"
技术,运维,系统安全,系统安全工程师,云宝聚合,https://www.lagou.com/jobs/3782626.html,10,2017-11-03,经验5-10年 , 大专,深圳・深圳湾,"“周末双休,年底双薪,节日福利,五险一金”"
技术,运维,系统安全,高级系统安全工程师,多益网络,https://www.lagou.com/jobs/1888585.html,15,2017-10-10,经验不限 , 不限,广州・萝岗区,“互联网百强企业”
技术,运维,系统安全,WAF系统安全开发工程师,京东金融,https://www.lagou.com/jobs/1796244.html,15,10:40发布,经验3-5年 , 本科,北京・通州区,“餐补+年终奖+好的晋升空间”
技术,运维,系统安全,系统安全运维管理岗,联通软研院,https://www.lagou.com/jobs/3741992.html,15,2017/11/7,经验5-10年 , 本科,北京・亦庄,"“央企平台,工作环境好,绩效奖金,补充医疗”"
技术,运维,系统安全,Linux系统安全高级研发工程师,信大捷安,https://www.lagou.com/jobs/3329088.html,8,2017-11-02,经验3-5年 , 本科,西安・高新技术产业开发区,"“薪酬福利好,带薪年假,六险一金,多项补助”"
技术,运维,系统安全,系统安全风控开发分析,平安证券,https://www.lagou.com/jobs/3592097.html,18,2017-10-27,经验3-5年 , 本科,上海・徐汇区,"“培训多,机会多,平台大,福利好”"
技术,运维,系统安全,安全运维工程师（主机系统安全方向）,盒子支付,https://www.lagou.com/jobs/3369996.html,6,10:48发布,经验1-3年 , 大专,深圳・南山医院,"“下午茶,福利好,公司班车”"
技术,硬件开发,自动化,高级运维工程师-自动化方向,mobike摩拜单车,https://www.lagou.com/jobs/3378489.html,20,13:52发布,经验3-5年 , 本科,北京・朝阳区,"“朝阳产业,技术牛人多,薪水高”"
技术,硬件开发,自动化,系统运维工程师-自动化开发,快钱,https://www.lagou.com/jobs/3792778.html,10,2017/11/7,经验1-3年 , 大专,成都・双流县,“弹性工作”
技术,硬件开发,自动化,自动化工程师,如涵电商,https://www.lagou.com/jobs/3362684.html,12,2017/11/7,经验3-5年 , 本科,杭州・江干区,"“团队年轻,发展空间大,弹性工时制”"
技术,硬件开发,自动化,自动化工程师,盈通股份,https://www.lagou.com/jobs/3181757.html,6,09:01发布,经验1-3年 , 本科,深圳・科技园,"“股权激励,活动丰富,有爱小伙伴”"
技术,硬件开发,自动化,自动化运维,瞬联软件科技（北京）有限公司,https://www.lagou.com/jobs/3394953.html,10,2017-10-25,经验1-3年 , 本科,上海・长宁区,"“不加班,外企,年终奖,带薪假期”"
技术,硬件开发,自动化,自动化/性能测试工程师（任一方向）,玖富集团,https://www.lagou.com/jobs/3360483.html,15,11:23发布,经验3-5年 , 本科,北京・望京,“免费班车 五险一金 年终奖金 季度绩效奖金”
技术,硬件开发,自动化,自动化开发工程师,微创,https://www.lagou.com/jobs/3377635.html,12,10:25发布,经验1-3年 , 本科,北京・知春路,"“带薪年假,带薪病假,年终奖金,补充医疗”"
技术,硬件开发,自动化,自动化软件工程师,雷柏科技,https://www.lagou.com/jobs/3383339.html,12,2017/11/7,经验3-5年 , 大专,深圳・科技园,"“上市公司,专业培训,出国旅游”"
技术,硬件开发,自动化,测试开发-API自动化方向,INK 银客集团,https://www.lagou.com/jobs/3594953.html,14,2017/11/6,经验3-5年 , 本科,北京・西三旗,"“六险一金,16薪考核,带薪年假,牛人团队”"
技术,硬件开发,自动化,自动化工程师,精滤电子,https://www.lagou.com/jobs/3680124.html,5,2017-10-30,经验1-3年 , 不限,东莞・东莞市市辖区,"“年终奖,包食宿,全勤奖,五金”"
技术,硬件开发,自动化,自动化工程师,蓝天洗涤,https://www.lagou.com/jobs/3754445.html,5,2017-10-27,经验不限 , 大专,北京・通州区,"“五险一金,全勤奖,包食宿,带薪年假”"
技术,硬件开发,自动化,自动化设备工程师,新佰利,https://www.lagou.com/jobs/3784444.html,5,2017/11/7,经验3-5年 , 本科,苏州・松陵,“空间大”
技术,硬件开发,自动化,自动化工程师,和隆优化,https://www.lagou.com/jobs/3228015.html,10,2017-10-19,经验1-3年 , 本科,北京・西三旗,"“出差调休,弹性工作,奖励假期,五险一金”"
技术,硬件开发,自动化,电气工程师/自动化工程师,镭目公司,https://www.lagou.com/jobs/3466685.html,7,2017-10-26,经验3-5年 , 本科,长沙・长沙县,"“年终奖提成,五险一金,精英团队,免费食宿”"
技术,硬件开发,自动化,电气自动化工程师,国以贤智能科技,https://www.lagou.com/jobs/3791584.html,8,2017/11/7,经验1-3年 , 本科,上海・九亭,"“福利待遇好,团队高技能,弹性工作,有发展空间”"
技术,硬件开发,自动化,自动化工程师/电气工程师,三江源水务,https://www.lagou.com/jobs/3144262.html,5,2017-10-09,经验1-3年 , 大专,武汉・钟家村,"“周末双休,五险一金”"
技术,硬件开发,自动化,集团总部-网络运营部-运维自动化研发工程师,搜狐媒体,https://www.lagou.com/jobs/2861791.html,20,2017-10-21,经验3-5年 , 本科,北京・海淀区,“一年15天年假，弹性工作时间，集团业务”
技术,硬件开发,自动化,Java开发工程师--内部自动化,集微科技,https://www.lagou.com/jobs/3735272.html,8,2017/11/6,经验3-5年 , 本科,厦门・集美区,"“平台好,氛围融洽,发展空间大”"
技术,硬件开发,自动化,设备自动化工程师,纽扣互动,https://www.lagou.com/jobs/3425105.html,5,2017/11/6,经验不限 , 不限,成都・武侯祠,“高薪”
技术,硬件开发,自动化,自动化电气工程师,神元科技,https://www.lagou.com/jobs/3767321.html,5,2017-10-31,经验3-5年 , 本科,武汉・东湖新技术开发区,"“团队年轻,氛围好,待遇好,弹性工作”"
技术,硬件开发,自动化,自动化广告系统开发工程师,莉莉丝游戏,https://www.lagou.com/jobs/3684738.html,15,2017/11/7,经验3-5年 , 本科,上海・闵行区,“五险一金 团建旅游 年终奖金 节日福利”
技术,硬件开发,自动化,测试工程师-接口自动化,国家电网全资子公司北京汇通金财,https://www.lagou.com/jobs/3117242.html,12,2017-10-17,经验3-5年 , 本科,北京・西城区,"“高晋升空间,团队凝聚力,福利待遇好,国企平台”"
技术,硬件开发,自动化,非标自动化设计工程师,贯通云网 GT,https://www.lagou.com/jobs/3732726.html,15,2017/11/7,经验3-5年 , 本科,北京・海淀区,"“五险一金,弹性时间,节日福利,包餐”"
技术,硬件开发,自动化,高级自动化工程师,盾安传感,https://www.lagou.com/jobs/3634579.html,8,2017-10-12,经验不限 , 本科,杭州・西兴,"“自动化,产线,机器人”"
技术,硬件开发,自动化,高级研发工程师（高精地图自动化算法）,百度,https://www.lagou.com/jobs/3604189.html,15,16:34发布,经验不限 , 本科,北京・西二旗,"“五险一金,带薪年假,交通补助,午餐补助”"
技术,硬件开发,自动化,自动化机械工程师,鑫信腾,https://www.lagou.com/jobs/3518304.html,8,2017/11/7,经验3-5年 , 大专,深圳・新安,"“五险一金,年终奖,节假日福利,交通便利”"
技术,硬件开发,自动化,自动化设计工程师,汇申数控,https://www.lagou.com/jobs/3496179.html,5,2017-10-31,经验1-3年 , 大专,宁波・江北区,“五险一金?饭补?员工旅游?节日福利”
技术,硬件开发,自动化,自动化机械工程师,易用设计,https://www.lagou.com/jobs/3354053.html,10,2017-10-24,经验5-10年 , 本科,南京・安德门,"“五险一金,年终奖金,交通补贴,员工旅游”"
技术,硬件开发,自动化,自动化电气工程师,酷顶科技,https://www.lagou.com/jobs/3688195.html,6,2017-10-11,经验3-5年 , 本科,上海・松江区,"“薪酬福利好,办公环境佳,周边商城多,交通便捷”"
技术,硬件开发,自动化,自动化脚本开发,华为终端,https://www.lagou.com/jobs/3676102.html,8,2017-10-09,经验1-3年 , 本科,武汉・江夏区,“带薪年假，公司定期举办团建活动”
技术,硬件开发,自动化,自动化仓储设计工程师,纵腾网络,https://www.lagou.com/jobs/3061669.html,10,2017/11/7,经验3-5年 , 本科,深圳・民治,"“高薪,发展平台好,福利好,工作环境好”"
技术,硬件开发,自动化,自动化设备维护工程师,酷顶科技,https://www.lagou.com/jobs/3688301.html,3,2017-10-11,经验1-3年 , 大专,东莞・东莞市市辖区,"“公司环境好,活动内容多,工作氛围佳,周边交通便”"
技术,硬件开发,自动化,工业自动化软件开发工程师,高思科技,https://www.lagou.com/jobs/3791063.html,12,2017/11/6,经验3-5年 , 本科,深圳・蛇口,"“技术大牛,前沿视野,绩效奖励,五险一金”"
技术,硬件开发,自动化,机械自动化工程师,高科技材料、环保包装材料,https://www.lagou.com/jobs/3777941.html,3,2017-11-02,经验不限 , 不限,上海・外高桥,“五险一金，公积金，年底双薪”
技术,硬件开发,自动化,高级/资深Web自动化及性能测试工程师,指掌易,https://www.lagou.com/jobs/3700518.html,20,2017-11-02,经验5-10年 , 本科,北京・海淀区,"“公司平台广,准上市公司,技术大牛多”"
技术,硬件开发,自动化,自动化测试,家园网,https://www.lagou.com/jobs/3799270.html,15,13:53发布,经验1-3年 , 本科,北京・广渠门,"“14薪,各种福利,良好晋升”"
技术,硬件开发,自动化,自动化测试,通力互联,https://www.lagou.com/jobs/3799669.html,9,14:35发布,经验1-3年 , 本科,杭州・长河,“薪资open 我们期待您的加入！”
技术,硬件开发,自动化,自动化测试,新致软件,https://www.lagou.com/jobs/1939906.html,9,08:32发布,经验1-3年 , 大专,杭州・古墩路,“五险一金 补充商业保险 年度旅游 工会活动”
技术,硬件开发,自动化,自动化测试工程师,乐天创研,https://www.lagou.com/jobs/3728854.html,10,09:26发布,经验5-10年 , 本科,大连・高新园区,"“专业培训,跨境电商,股票期权,不加班”"
技术,硬件开发,自动化,自动化测试,瞬联软件科技（北京）有限公司,https://www.lagou.com/jobs/3548859.html,11,17:11发布,经验1-3年 , 本科,上海・闵行区,"“五险一金,弹性工作,办公环境好,前景好”"
技术,硬件开发,自动化,自动化测试,管易云,https://www.lagou.com/jobs/2187677.html,10,10:15发布,经验1-3年 , 本科,上海・张江,“星级大厨、做五休二、弹性工作”
技术,硬件开发,自动化,自动化测试,爱财集团,https://www.lagou.com/jobs/3635377.html,15,2017/11/7,经验5-10年 , 本科,杭州・西湖,“福利待遇好 晋升空间大”
技术,硬件开发,自动化,自动化测试,销冠科技,https://www.lagou.com/jobs/2213226.html,13,15:04发布,经验3-5年 , 本科,杭州・南星,“年底多薪，季度奖金，餐补房补，过节礼金”
技术,硬件开发,自动化,自动化测试工程师,CLPS,https://www.lagou.com/jobs/3799398.html,14,14:08发布,经验5-10年 , 本科,成都・高新区,“六险一金，年终奖，节日福利，生日福利等”
技术,硬件开发,自动化,自动化测试,AA租车,https://www.lagou.com/jobs/1306791.html,15,09:21发布,经验3-5年 , 本科,北京・酒仙桥,“全额五险一金，无限量咖啡零食供应~”
技术,硬件开发,自动化,自动化测试,新致软件,https://www.lagou.com/jobs/2641496.html,10,08:32发布,经验3-5年 , 大专,杭州・宁围,“五险一金 补充商业保险 年度旅游 工会活动”
技术,硬件开发,自动化,自动化测试工程师,家园网,https://www.lagou.com/jobs/3797376.html,14,09:54发布,经验3-5年 , 本科,北京・广渠门,"“股票期权,绩效奖金”"
技术,硬件开发,自动化,自动化测试,瞬联软件科技（北京）有限公司,https://www.lagou.com/jobs/2566350.html,15,2017/11/7,经验不限 , 本科,上海・长宁区,"“五险一金,弹性工作,晋升空间大,带薪年假”"
技术,硬件开发,自动化,自动化结构工程师,酷顶科技,https://www.lagou.com/jobs/3688224.html,6,2017-10-11,经验3-5年 , 本科,上海・松江区,"“薪酬福利好,公司活动多,周边环境好,交通便捷”"
技术,硬件开发,自动化,自动化测试,管易云,https://www.lagou.com/jobs/2142458.html,10,10:15发布,经验3-5年 , 本科,上海・张江,"“弹性工作,包吃包住,有发展空间”"
技术,硬件开发,自动化,自动化运维开发工程师,众安保险,https://www.lagou.com/jobs/3797005.html,15,09:00发布,经验1-3年 , 不限,上海・外滩,“福利待遇好，技术氛围好”
技术,硬件开发,自动化,白盒/自动化测试,文思海辉,https://www.lagou.com/jobs/3448192.html,12,09:49发布,经验不限 , 本科,上海・张江,"“金融,外资,大数据,白盒”"
技术,硬件开发,自动化,高级自动化测试,融之家,https://www.lagou.com/jobs/3097168.html,20,10:14发布,经验5-10年 , 大专,上海・五角场,“美女，零食，下午茶”
技术,硬件开发,自动化,自动化测试开发,ezbuy,https://www.lagou.com/jobs/3113840.html,15,11:30发布,经验3-5年 , 本科,上海・浦东新区,"“带薪年假多,期权,弹性办公,跨境电商”"
技术,硬件开发,自动化,自动化测试工程师,车国,https://www.lagou.com/jobs/3492734.html,10,2017/11/6,经验3-5年 , 本科,杭州・江干区,"“氛围好,13薪起,额外绩效”"
技术,硬件开发,自动化,自动化测试工程师,学堂在线,https://www.lagou.com/jobs/3342321.html,12,17:57发布,经验3-5年 , 本科,北京・海淀区,"“五险一金,餐补,生日会,优秀团队”"
技术,硬件开发,自动化,自动化测试工程师,美柚,https://www.lagou.com/jobs/1236060.html,8,14:40发布,经验1-3年 , 本科,厦门・软件园,“不仅仅是漂亮妹纸，你来，才知道”
技术,硬件开发,自动化,自动化测试工程师,达人网络,https://www.lagou.com/jobs/3639459.html,15,09:33发布,经验3-5年 , 本科,珠海・香洲区,"“大牛多,团队氛围好,技术有追求”"
技术,硬件开发,自动化,上海高级自动化测试工程师,武汉佰钧成技术有限公司,https://www.lagou.com/jobs/3798666.html,18,11:47发布,经验5-10年 , 本科,上海・长宁区,"“弹性上下班,不加班,技术前沿”"
技术,硬件开发,自动化,自动化测试工程师,信领达,https://www.lagou.com/jobs/3621709.html,9,09:25发布,经验3-5年 , 本科,杭州・翠苑,"“五险一金,下午茶,期权”"
技术,硬件开发,精益工程师,.net程序员,奇构软件,https://www.lagou.com/jobs/3229000.html,8,2017-10-26,经验不限 , 不限,北京・常营,"“社会保险,节日福利”"
技术,硬件开发,精益工程师,.net软件工程师,奇构软件,https://www.lagou.com/jobs/2924324.html,8,2017-10-26,经验不限 , 大专,北京・常营,"“员工宿舍,五险一金,晋升机会,节日福利”"
技术,硬件开发,射频工程师,射频工程师,SENSORO,https://www.lagou.com/jobs/3801593.html,10,17:26发布,经验3-5年 , 本科,北京・朝阳区,"“商业保险,氛围好,股权激励,领导好”"
技术,硬件开发,射频工程师,射频工程师,美团点评,https://www.lagou.com/jobs/3659272.html,15,09:33发布,经验5-10年 , 本科,北京・望京,“射频工程师”
技术,硬件开发,射频工程师,射频工程师,武汉佰钧成技术有限公司,https://www.lagou.com/jobs/3710647.html,12,15:00发布,经验3-5年 , 本科,广州・黄埔区,"“五险一金,福利待遇好,办公环境好”"
技术,硬件开发,射频工程师,射频工程师,一加手机,https://www.lagou.com/jobs/262126.html,15,10:19发布,经验3-5年 , 本科,深圳・车公庙,“一加不将就 五险一金 定期体检”
技术,硬件开发,射频工程师,射频工程师,和源通信,https://www.lagou.com/jobs/3799243.html,10,13:50发布,经验3-5年 , 本科,上海・中山公园,“射频工程师”
技术,硬件开发,射频工程师,射频工程师,便利蜂,https://www.lagou.com/jobs/3380815.html,15,2017-11-01,经验3-5年 , 本科,北京・北京大学,"“发展机会多,六险一金”"
技术,硬件开发,射频工程师,高级射频工程师,Hellobike哈罗单车,https://www.lagou.com/jobs/3721513.html,15,09:08发布,经验3-5年 , 本科,上海・莘庄,“团队大牛多”
技术,硬件开发,射频工程师,高级射频工程师,九爱科技,https://www.lagou.com/jobs/3782472.html,20,16:28发布,经验5-10年 , 本科,杭州・开发区,"“期权,年终奖,团队好”"
技术,硬件开发,射频工程师,高级射频工程师,涂鸦智能,https://www.lagou.com/jobs/3574190.html,15,12:03发布,经验3-5年 , 本科,杭州・古墩路,"“五险一金,行业前景好,氛围轻松,精英团队”"
技术,硬件开发,射频工程师,高级射频工程师J10744,龙旗,https://www.lagou.com/jobs/3692983.html,15,09:13发布,经验5-10年 , 本科,深圳・科技园,“五险一金 节日礼品 体检 补贴”
技术,硬件开发,射频工程师,射频工程师,中安频谱,https://www.lagou.com/jobs/2812602.html,10,2017/11/7,经验3-5年 , 本科,成都・创业路,"“五险一金,年终奖金,意外险”"
技术,硬件开发,射频工程师,射频模块工程师,源仪迅驰科技,https://www.lagou.com/jobs/3401883.html,10,2017/11/7,经验1-3年 , 本科,北京・海淀区,"“领导好,文化好,福利好”"
技术,硬件开发,射频工程师,高级射频工程师,华士精成,https://www.lagou.com/jobs/2731516.html,10,10:58发布,经验3-5年 , 本科,深圳・西丽,"“射频,2.4G,900M”"
技术,硬件开发,射频工程师,射频工程师,任你说,https://www.lagou.com/jobs/3669189.html,12,2017-10-11,经验3-5年 , 本科,北京・西北旺,“五险一金 智能硬件”
技术,硬件开发,射频工程师,射频工程师,微米物联,https://www.lagou.com/jobs/3687903.html,10,14:25发布,经验3-5年 , 本科,广州・黄埔区,"“做五休二,五险一金”"
设计,视觉设计,Flash设计师,FLASH开发工程师,卓睿网络,https://www.lagou.com/jobs/2945933.html,12,2017/11/7,经验1-3年 , 大专,广州・天河区,"“柬埔寨首都,60天年假,包吃住,福利待遇好”"
设计,视觉设计,Flash设计师,Flash设计,青果灵动,https://www.lagou.com/jobs/3519693.html,4,17:13发布,经验不限 , 不限,北京・朝阳区,“诱惑见下文”
设计,视觉设计,Flash设计师,Flash开发工程师,游族网络,https://www.lagou.com/jobs/2792375.html,6,10:40发布,经验1-3年 , 本科,上海・徐汇区,“上市公司”
设计,视觉设计,Flash设计师,flash设计师,思享时代（北京）科技有限公司,https://www.lagou.com/jobs/3707796.html,4,09:12发布,经验不限 , 本科,北京・安贞,"“六险一金,国内外旅游,水果下午茶,8天带薪假”"
设计,视觉设计,Flash设计师,Flash开发工程师,易居中国-创新研发中心,https://www.lagou.com/jobs/3080731.html,15,2017/11/7,经验1-3年 , 本科,上海・闸北公园,"“上市公司,公司氛围好,平台大,技术牛”"
设计,视觉设计,Flash设计师,Flash高级研发,芒果tv,https://www.lagou.com/jobs/3174918.html,15,09:25发布,经验3-5年 , 本科,长沙・洪山桥,"“一流的平台,迷之福利,丰厚奖金”"
设计,视觉设计,Flash设计师,Flash设计师,多益网络,https://www.lagou.com/jobs/3546867.html,4,2017-10-16,经验不限 , 不限,广州・萝岗区,“互联网百强”
设计,视觉设计,Flash设计师,Flash设计师,郑州简意科技,https://www.lagou.com/jobs/1877687.html,2,2017/11/7,经验1-3年 , 大专,郑州・二七区,“有爱的福利，友好的团队，轻松的环境”
设计,视觉设计,Flash设计师,页游Flash AS3开发工程师/AS3 程序员,Forgame,https://www.lagou.com/jobs/1685899.html,12,2017-11-01,经验3-5年 , 大专,上海・漕河泾,“上市公司，欧美市场”
设计,视觉设计,Flash设计师,Flash AS3高级开发工程师,虎扑,https://www.lagou.com/jobs/3179900.html,10,09:01发布,经验3-5年 , 本科,上海・鲁迅公园,“广阔的职业发展空间”
设计,视觉设计,Flash设计师,flash开发工程师,风月科技,https://www.lagou.com/jobs/2622619.html,5,2017/11/6,经验不限 , 大专,深圳・科技园,"“腾讯团队,导师制,氛围nic”"
设计,视觉设计,Flash设计师,高级flash开发,熊猫直播,https://www.lagou.com/jobs/2997151.html,15,2017/11/6,经验3-5年 , 本科,北京・望京,"“风口行业,技术大牛,待遇极好,环境好”"
设计,视觉设计,Flash设计师,高级Flash开发工程师,网心科技,https://www.lagou.com/jobs/3245880.html,18,2017/11/6,经验3-5年 , 本科,深圳・科技园,“云计算行业保底16薪技术大牛多”
设计,视觉设计,Flash设计师,Flash开发工程师（直播方向）,哔哩哔哩,https://www.lagou.com/jobs/2844201.html,10,11:17发布,经验1-3年 , 本科,上海・东外滩,"“空间大,领导好,氛围好”"
设计,视觉设计,Flash设计师,Flash设计师/视频设计师,贪玩游戏,https://www.lagou.com/jobs/3768338.html,5,09:26发布,经验1-3年 , 大专,广州・员村,"“五险一金,免费包餐,年终奖金,带薪年假”"
设计,视觉设计,Flash设计师,培优总部-动画师（flash）,好未来,https://www.lagou.com/jobs/2864217.html,6,2017/11/7,经验不限 , 大专,北京・双榆树,“六险一金，带薪年假，节日福利，员工体检”
设计,视觉设计,Flash设计师,flash设计师,播美传媒,https://www.lagou.com/jobs/3701980.html,4,2017-10-14,经验不限 , 不限,青岛・香港中路,“压力小，有奖金”
设计,视觉设计,Flash设计师,FLASH开发工程师,Adsame,https://www.lagou.com/jobs/3715344.html,8,2017-10-26,经验1-3年 , 大专,北京・大望路,"“福利年假,五险一金,定期体检,团建活动”"
设计,视觉设计,Flash设计师,Flash/AS3游戏开发工程师,腾讯无线大连研发中心,https://www.lagou.com/jobs/2866729.html,7,09:30发布,经验3-5年 , 本科,大连・高新园区,"“五险一金,商业保险,旅游团建,节假日福利”"
设计,视觉设计,Flash设计师,Flash设计师,悠学科技,https://www.lagou.com/jobs/2095092.html,6,2017-10-10,经验1-3年 , 本科,上海,“奋发的年代，需要一起拼搏的你，技术合伙人”
设计,视觉设计,Flash设计师,Flash动画工程师,畅游,https://www.lagou.com/jobs/3740732.html,8,2017/11/6,经验3-5年 , 不限,北京・八角,"“学习成长,薪酬福利,发展空间”"
设计,视觉设计,Flash设计师,Flash设计师,七小石科技,https://www.lagou.com/jobs/470838.html,6,2017-10-25,经验1-3年 , 不限,北京・知春路,“午餐补助、Open的工作环境、弹性工作时间”
设计,视觉设计,Flash设计师,Flash设计师,九麟网络,https://www.lagou.com/jobs/3400048.html,8,2017-11-02,经验1-3年 , 大专,北京・左家庄,"“五险一金,弹性工时,带薪年假,节日福利”"
设计,视觉设计,Flash设计师,Flash动画师,凯奇谷,https://www.lagou.com/jobs/2618284.html,4,19:01发布,经验不限 , 不限,成都・高新区,“五险一金”
设计,视觉设计,Flash设计师,flash动画师,世纪超星,https://www.lagou.com/jobs/3766912.html,5,11:30发布,经验不限 , 本科,北京・海淀区,"“年终奖金,节日福利,带薪年假,周末双休”"
设计,视觉设计,Flash设计师,Flash页游主程（AS3主程）,游族网络,https://www.lagou.com/jobs/3153785.html,25,10:40发布,经验5-10年 , 不限,上海・徐汇区,“福利好 待遇好”
设计,视觉设计,Flash设计师,客户端程序(flash经验),奥银网络长沙分公司,https://www.lagou.com/jobs/3545171.html,8,2017/11/6,经验1-3年 , 不限,长沙・麓谷,"“五险一金,项目奖金”"
设计,视觉设计,Flash设计师,FLASH 动画,高思教育集团,https://www.lagou.com/jobs/3721436.html,10,11:06发布,经验1-3年 , 大专,北京・北航,"“上市公司,行业领军,六险一金,午餐补助”"
设计,视觉设计,Flash设计师,FLASH动画师,杭州明霖,https://www.lagou.com/jobs/2895272.html,10,2017-11-02,经验1-3年 , 本科,杭州・滨江区,"“五险一金,周末双休,不定期活动,弹性工作”"
设计,视觉设计,Flash设计师,Flash/AS3页游前端,辰希网络,https://www.lagou.com/jobs/1616757.html,10,2017/11/6,经验3-5年 , 大专,广州・天河区,“项目好，上司好，福利待遇好，人性化管理。”
设计,视觉设计,Flash设计师,培优总部-原画师（flash）,好未来,https://www.lagou.com/jobs/2852554.html,6,2017/11/7,经验不限 , 大专,北京・双榆树,“六险一金，带薪年假，节日福利，员工体检”
设计,视觉设计,Flash设计师,flash AS3客户端开发工程师,实牛信息技术,https://www.lagou.com/jobs/3761156.html,10,2017/11/6,经验1-3年 , 大专,上海・塘桥,“成长快”
设计,视觉设计,Flash设计师,Flash动画师,杭州明霖,https://www.lagou.com/jobs/2531116.html,9,2017-11-02,经验1-3年 , 大专,杭州・江南,"“每月活动,年底奖金”"
设计,视觉设计,Flash设计师,flash动画设计师,洋葱数学,https://www.lagou.com/jobs/1002606.html,6,2017/11/7,经验1-3年 , 不限,北京・虎坊桥,“年度体检、包早午餐、15天年假、大牛团队”
设计,视觉设计,Flash设计师,Flash动画师,晓教育,https://www.lagou.com/jobs/3703325.html,4,2017-10-31,经验1-3年 , 大专,广州・天河区,"“五险一金,带薪年假,年终奖金,员工体检”"
设计,视觉设计,Flash设计师,FLASH动画师,上海幻棱,https://www.lagou.com/jobs/3706187.html,5,2017/11/7,经验1-3年 , 大专,南京・安德门,"“五险一金,员工旅游,出国机会,绩效奖金”"
设计,视觉设计,Flash设计师,Flash动画设计师,PPTV聚力,https://www.lagou.com/jobs/3126279.html,8,09:17发布,经验1-3年 , 大专,上海・花木,“五险一金，餐饮补贴”
设计,视觉设计,Flash设计师,Flash动画师,Clickkwala,https://www.lagou.com/jobs/3477251.html,5,2017-10-27,经验1-3年 , 大专,广州・珠江新城,"“高薪,高福利,高自由度,周末双休”"
设计,视觉设计,Flash设计师,flash课件制作,小学宝,https://www.lagou.com/jobs/3592318.html,7,2017/11/6,经验不限 , 不限,北京・学院路,"“股权期权,发展空间大,公司福利高,团队气氛好”"
设计,视觉设计,Flash设计师,flash广告设计,趣游（厦门）科技有限公司,https://www.lagou.com/jobs/3411306.html,6,2017/11/6,经验1-3年 , 不限,厦门・塘边,"“五险一金,公司食堂,健身设施,不定时调薪”"
设计,视觉设计,Flash设计师,flash场景师,形动数码,https://www.lagou.com/jobs/3774646.html,6,2017-11-02,经验1-3年 , 大专,广州・岭南,“双休、福利待遇齐全、薪资待遇具有竞争优势”
设计,视觉设计,Flash设计师,AS3程序员/Flash 3d工程师,乐家数字科技,https://www.lagou.com/jobs/3369045.html,8,09:13发布,经验不限 , 大专,广州・天河城,"“团队氛围好,公司发展快,领导亲和,环境高大上”"
设计,视觉设计,Flash设计师,Flash特效设计师（高级）,西游网,https://www.lagou.com/jobs/1042259.html,8,09:45发布,经验3-5年 , 大专,成都・高新区,“福利已备好，等你来玩Flash”
设计,视觉设计,Flash设计师,Flash AS3高级游戏客户端开发工程师,三七互娱,https://www.lagou.com/jobs/2691502.html,15,09:21发布,经验3-5年 , 大专,上海・徐汇区,“项目奖金丰厚 A股优质上市公司”
设计,视觉设计,Flash设计师,flash广告设计师,贪玩游戏,https://www.lagou.com/jobs/3694418.html,8,2017-10-12,经验1年以下 , 大专,广州・员村,"“空间大,提成多,发展好”"
设计,视觉设计,Flash设计师,Flash 动画,好未来,https://www.lagou.com/jobs/2781490.html,6,2017/11/7,经验不限 , 大专,北京・双榆树,“六险一金，节日福利，员工体检，年终奖”
设计,视觉设计,Flash设计师,flash动画设计师,神算子教育,https://www.lagou.com/jobs/2647449.html,5,2017/11/6,经验不限 , 本科,广州・海珠区,“前瞻性产品，高品质团队，薪资福利好”
设计,视觉设计,Flash设计师,flash动画师,武汉永兴元,https://www.lagou.com/jobs/3719851.html,3,2017-10-19,经验1-3年 , 大专,武汉・关山,"“五险一金,双休,年假”"
设计,视觉设计,Flash设计师,Flash动画师,赛门仕博品牌,https://www.lagou.com/jobs/3626746.html,3,2017-11-02,经验1-3年 , 大专,成都・高新区,"“双休,社保,高品质团队,福利待遇好”"
设计,视觉设计,Flash设计师,FLASH原画师,高思教育集团,https://www.lagou.com/jobs/3682571.html,6,2017-11-03,经验1-3年 , 大专,北京・北航,"“上市企业,朝阳行业,牛人帮带,福利多多”"
设计,视觉设计,Flash设计师,Flash 3D主程（AS3 主程）,三七互娱,https://www.lagou.com/jobs/2292429.html,30,09:21发布,经验5-10年 , 不限,上海・徐汇区,“项目分红、靠谱团队、重量级IP、大平台”
设计,视觉设计,Flash设计师,插画/FLASH/H5,大来,https://www.lagou.com/jobs/2397212.html,8,2017-11-02,经验1-3年 , 本科,上海・曹杨,“发展空间”
设计,视觉设计,Flash设计师,Flash动画师,嗨小冷,https://www.lagou.com/jobs/2262676.html,3,2017/11/7,经验1-3年 , 大专,广州・天园,“和我们一起成为网红吧！”
设计,视觉设计,Flash设计师,Flash动画设计师（100教育）(003699),YY Inc,https://www.lagou.com/jobs/3616489.html,5,2017/11/7,经验3-5年 , 大专,北京・海淀区,“上市公司，团队优秀，福利待遇好”
设计,视觉设计,Flash设计师,flash动画师,飞碟说,https://www.lagou.com/jobs/1146464.html,4,2017-10-23,经验1-3年 , 不限,上海・华漕,“五险一金；水果贴心；福利暖心”
设计,视觉设计,Flash设计师,FLASH/插画/H5,宝霖丰,https://www.lagou.com/jobs/2506218.html,8,2017-10-30,经验1-3年 , 本科,上海・普陀区,“发展空间”
设计,视觉设计,Flash设计师,Flash广告设计师,恺英网络,https://www.lagou.com/jobs/3312211.html,6,2017-10-31,经验1-3年 , 不限,上海・浦江,“年终奖，绩效奖，休息室，免费早晚餐。”
设计,视觉设计,Flash设计师,Flash动画设计师,巨网科技,https://www.lagou.com/jobs/3747352.html,4,2017/11/6,经验1-3年 , 大专,上饶・信州区,"“氛围好,机会多”"
设计,视觉设计,Flash设计师,AS3客户端开发工程师（FLASH游戏）,众博长游,https://www.lagou.com/jobs/3308488.html,6,2017/11/7,经验不限 , 大专,武汉・光谷,"“双休,五险一金,公司潜力大,领导好”"
设计,视觉设计,Flash设计师,flash设计/原画制作,金八力,https://www.lagou.com/jobs/3694654.html,7,2017-10-12,经验3-5年 , 本科,北京・展览路,"“五险一金,年度双薪”"
设计,高端职位,设计经理/主管,设计经理,美甲帮,https://www.lagou.com/jobs/3299922.html,8,10:34发布,经验3-5年 , 本科,广州・元岗,"“技能成长,项目靠谱,公司前景”"
设计,高端职位,设计经理/主管,设计经理,青木科技,https://www.lagou.com/jobs/3786981.html,10,14:00发布,经验5-10年 , 大专,广州・海珠区,"“五险一金,带薪年假,弹性工作,团队氛围好”"
设计,高端职位,设计经理/主管,设计经理/主管,世联行,https://www.lagou.com/jobs/1939758.html,10,11:13发布,经验3-5年 , 本科,深圳・科技园,“上市公司、双休、五险一金、团队年轻活力”
设计,高端职位,设计经理/主管,设计经理/主管,广州百事通,https://www.lagou.com/jobs/1968590.html,5,17:30发布,经验1-3年 , 不限,广州・工业大道,“公司颜值高，各种吃喝玩乐福利”
设计,高端职位,设计经理/主管,设计总监/资深设计经理,互联网教育,https://www.lagou.com/jobs/3202301.html,25,16:38发布,经验不限 , 本科,杭州・西湖,"“钱多,公积实缴,18薪,重视设计”"
设计,高端职位,设计经理/主管,设计经理,原始空气,https://www.lagou.com/jobs/3780289.html,18,13:43发布,经验3-5年 , 本科,北京・酒仙桥,"“创业公司,大咖合作,全年14薪,弹性工作”"
设计,高端职位,设计经理/主管,设计经理,喔噻科技,https://www.lagou.com/jobs/3092712.html,15,11:41发布,经验3-5年 , 本科,上海・金沙江路,“互联网文化 弹性工作 下午茶 健身房”
设计,高端职位,设计经理/主管,设计经理,蜻蜓FM,https://www.lagou.com/jobs/3166779.html,15,2017/11/7,经验5-10年 , 本科,上海・东方路,“行业领先平台、年轻化团队”
设计,高端职位,设计经理/主管,设计经理,爱奇艺,https://www.lagou.com/jobs/3692586.html,25,16:44发布,经验5-10年 , 本科,北京・中关村,“空间大 氛围好 12天年假”
设计,高端职位,设计经理/主管,设计经理,全棉时代,https://www.lagou.com/jobs/3660911.html,10,2017/11/7,经验5-10年 , 本科,深圳・龙华新区,"“工作氛围好,发展空间大”"
设计,高端职位,设计经理/主管,设计经理,万通顺达,https://www.lagou.com/jobs/3288080.html,15,11:34发布,经验3-5年 , 本科,深圳・皇岗,"“管理岗,国际版权”"
设计,高端职位,设计经理/主管,设计经理,好未来,https://www.lagou.com/jobs/3763665.html,12,2017-10-30,经验3-5年 , 本科,北京・海淀区,"“发展好,团队好,薪酬福利佳”"
设计,高端职位,设计经理/主管,设计经理/主管,罗盘科技,https://www.lagou.com/jobs/1342329.html,5,2017-11-04,经验1-3年 , 大专,常州,“高绩效奖、晋升空间、优秀员工享受期权”
设计,高端职位,设计经理/主管,设计经理,浙江在隐,https://www.lagou.com/jobs/3663671.html,4,11:08发布,经验1-3年 , 大专,杭州・下沙,"“高福利,高薪资,高期权,新风口”"
设计,高端职位,设计经理/主管,创意/设计经理,面包旅行,https://www.lagou.com/jobs/3454374.html,15,17:09发布,经验5-10年 , 本科,北京・三里屯,"“发展空间大,团队氛围好,扁平化管理”"
设计,高端职位,设计经理/主管,设计经理,青木科技,https://www.lagou.com/jobs/2946841.html,10,14:00发布,经验5-10年 , 大专,广州・客村,"“平台大,设计氛围浓,扁平化沟通”"
设计,高端职位,设计经理/主管,设计经理,孔夫子旧书网,https://www.lagou.com/jobs/3265711.html,30,09:14发布,经验5-10年 , 本科,北京・朝阳区,"“设计负责人,创新变革,文化电商,平台发展”"
设计,高端职位,设计经理/主管,设计经理,佰仟金融,https://www.lagou.com/jobs/3781069.html,15,2017-11-03,经验10年以上 , 本科,深圳・上梅林,"“平台大,领导好,氛围轻松,福利多”"
设计,高端职位,设计经理/主管,品牌设计经理/总监,环球易购,https://www.lagou.com/jobs/3180041.html,15,10:14发布,经验5-10年 , 本科,深圳・南山区,“上市公司，发展空间大”
设计,高端职位,设计经理/主管,设计经理,国美互联网,https://www.lagou.com/jobs/3735052.html,12,2017-10-30,经验5-10年 , 本科,北京・亮马桥,"“13薪,带薪年假”"
设计,高端职位,设计经理/主管,设计经理,贝壳象,https://www.lagou.com/jobs/3789977.html,5,2017/11/6,经验3-5年 , 本科,北京・马家堡,"“期权,升职空间”"
设计,高端职位,设计经理/主管,设计经理,设享,https://www.lagou.com/jobs/3699698.html,10,09:45发布,经验5-10年 , 本科,上海・五角场,"“晋升空间,弹性工时,股权激励,专业培训”"
设计,高端职位,设计经理/主管,设计经理,沿途,https://www.lagou.com/jobs/3706171.html,8,2017/11/7,经验1-3年 , 大专,南京・江宁区,"“五险一金,年终奖,下午茶,旅游”"
设计,高端职位,设计经理/主管,设计经理/主管,盈联酒店管理,https://www.lagou.com/jobs/3728179.html,7,2017-10-20,经验3-5年 , 大专,青岛・正阳路,"“五险一金,免费班车,有食宿,节假日”"
设计,高端职位,设计经理/主管,高级UI设计师/设计经理,有品 PICOOC,https://www.lagou.com/jobs/1673320.html,20,09:46发布,经验3-5年 , 本科,北京・德胜门,“新兴的行业，产品有意思”
设计,高端职位,设计经理/主管,设计经理,上海伊纳网络,https://www.lagou.com/jobs/3781319.html,10,2017-11-03,经验3-5年 , 大专,上海・塘桥,"“绩效奖金,节日福利”"
设计,高端职位,设计经理/主管,产品设计师/设计经理/平面设计,上海众像,https://www.lagou.com/jobs/3620867.html,7,2017/11/7,经验3-5年 , 本科,上海・浦东新区,"“福利好,年终奖金,办公环境好,氛围好”"
设计,高端职位,设计经理/主管,设计经理/主管,源慧信息,https://www.lagou.com/jobs/2385007.html,9,2017-10-31,经验1-3年 , 大专,上海・长征,“五险一金商险旅游绩效体检季度聚餐弹性”
设计,高端职位,设计经理/主管,设计经理-170523,美团点评,https://www.lagou.com/jobs/3153802.html,25,2017/11/6,经验5-10年 , 大专,北京・朝阳区,"“平台好,氛围好,发展空间大”"
设计,高端职位,设计经理/主管,设计经理,霸王（广州）有限公司,https://www.lagou.com/jobs/3270399.html,25,2017-11-01,经验5-10年 , 不限,广州・员村,"“五险一金,班车,年度旅游,年终奖”"
设计,高端职位,设计经理/主管,设计经理,速网电商,https://www.lagou.com/jobs/3254010.html,10,2017-10-12,经验3-5年 , 大专,杭州・下沙,"“环境好,氛围好,福利好,领导好”"
设计,高端职位,设计经理/主管,设计经理,CIG,https://www.lagou.com/jobs/3261888.html,12,2017-10-11,经验3-5年 , 本科,北京・甘家口,“绩效奖金、生日礼物、个人成长空间”
设计,高端职位,设计经理/主管,室内设计经理,超级猩猩健身,https://www.lagou.com/jobs/3658323.html,10,10:28发布,经验3-5年 , 本科,深圳・华侨城,"“五险一金,晋升机会,健身福利,同事美丽”"
设计,高端职位,设计经理/主管,设计经理/主管,华夏典当行,https://www.lagou.com/jobs/3736729.html,15,2017-10-24,经验5-10年 , 大专,北京・前门,“待遇福利优厚，团队氛围活跃，晋升空间大”
设计,高端职位,设计经理/主管,设计经理,维克网络,https://www.lagou.com/jobs/3666522.html,6,2017-10-19,经验3-5年 , 大专,深圳・龙华新区,"“年轻团队,扁平化管理,新业务发展,晋升空间大”"
设计,高端职位,设计经理/主管,空间设计经理-深圳-00902,百灵鸟,https://www.lagou.com/jobs/3569386.html,15,2017-10-31,经验3-5年 , 本科,深圳・科技园,“年底双薪 福利丰厚”
设计,高端职位,设计经理/主管,精装设计经理,中锐教育集团,https://www.lagou.com/jobs/3781765.html,20,2017-11-03,经验5-10年 , 本科,上海・北新泾,"“集团公司,教育地产,薪酬福利”"
设计,高端职位,设计经理/主管,设计经理/主管,咖啡小镇,https://www.lagou.com/jobs/1762981.html,8,2017-11-01,经验1-3年 , 不限,北京・西三旗,“工作餐 五险 晋升空间大 下午茶 氛围融洽”
设计,高端职位,设计经理/主管,设计经理/主管,QualityIn质量学院,https://www.lagou.com/jobs/2478658.html,10,2017-10-25,经验3-5年 , 本科,北京・中关村,"“五险一金,带薪年假,工作氛围好,晋升机会”"
设计,高端职位,设计经理/主管,设计经理,玖财通,https://www.lagou.com/jobs/3749392.html,15,2017/11/6,经验3-5年 , 本科,北京・朝阳区,"“晋升空间大,培训多”"
设计,高端职位,设计经理/主管,设计经理,博动公关,https://www.lagou.com/jobs/3699187.html,10,2017-10-13,经验5-10年 , 大专,成都・高新区,"“上班灵活,双休,额外年假奖,节日福利”"
设计,高端职位,设计经理/主管,高级视觉设计师/设计经理,热点发现wowtrend,https://www.lagou.com/jobs/3774986.html,18,17:40发布,经验5-10年 , 大专,深圳・车公庙,"“行业前景好,交通便利,福利待遇好,办公环境棒”"
设计,高端职位,设计经理/主管,室内设计经理,骅锶装饰,https://www.lagou.com/jobs/3672844.html,6,13:38发布,经验1-3年 , 不限,贵阳・市西路,“福利待遇好，发展前景大”
设计,高端职位,设计经理/主管,室内设计经理,美豪酒店,https://www.lagou.com/jobs/3774976.html,12,2017/11/6,经验5-10年 , 大专,无锡・梁溪区,"“酒店设计,室内装潢,创新设计”"
设计,高端职位,设计经理/主管,设计经理,红演圈,https://www.lagou.com/jobs/3705126.html,10,2017-10-16,经验3-5年 , 本科,北京・大望路,"“高薪,弹性工作时,舒适办公环”"
设计,高端职位,设计经理/主管,资深平面设计师/设计经理,美点子,https://www.lagou.com/jobs/2651874.html,9,2017/11/6,经验1-3年 , 不限,深圳・龙岗区,"“发展前景好,上升空间大,工作氛围好”"
设计,高端职位,设计经理/主管,设计经理,智合公关,https://www.lagou.com/jobs/3019732.html,8,2017-10-24,经验3-5年 , 不限,北京・望京,“任你脑洞超级大”
设计,高端职位,设计经理/主管,设计经理,若羽臣-杭州分公司,https://www.lagou.com/jobs/3090459.html,10,2017-10-09,经验3-5年 , 大专,杭州・西湖,"“国际大牌,专业团队”"
设计,高端职位,设计经理/主管,流程设计经理－业务,ofo,https://www.lagou.com/jobs/3409805.html,15,14:35发布,经验3-5年 , 本科,北京・苏州街,“国际化 高潜力 福利待遇好”
设计,高端职位,设计经理/主管,素材设计经理-深圳,美图公司,https://www.lagou.com/jobs/3510163.html,15,10:12发布,经验3-5年 , 本科,深圳・科技园,“设计大咖定期分享、明星产品、超nice福利”
设计,高端职位,设计经理/主管,工业设计经理,众托帮,https://www.lagou.com/jobs/3250856.html,15,13:04发布,经验5-10年 , 本科,上海・虹口区,"“领导好,福利完善”"
设计,高端职位,设计经理/主管,室内设计经理,工道科技,https://www.lagou.com/jobs/3554468.html,9,2017/11/7,经验3-5年 , 大专,深圳・蛇口,"“年终奖,五险一金,提成,可安排住宿”"
设计,高端职位,设计经理/主管,设计经理,北京汇智远扬文化传媒有限公司,https://www.lagou.com/jobs/3538475.html,18,2017-10-09,经验5-10年 , 本科,北京・方庄,“正规公司五险一金 前途光明 上市公司背景”
设计,高端职位,设计经理/主管,美工，设计经理,峰銮科技,https://www.lagou.com/jobs/3191991.html,4,2017-10-30,经验不限 , 不限,北京・中关村,“活动设计”
设计,高端职位,设计经理/主管,机电设计经理,美豪酒店,https://www.lagou.com/jobs/3775410.html,12,2017/11/6,经验不限 , 大专,无锡・梁溪区,"“暖通排水,酒店强弱电,机电工程,设计管理”"
设计,高端职位,设计经理/主管,产品设计经理,韩后电商,https://www.lagou.com/jobs/3768098.html,12,3天前发布,经验1-3年 , 大专,广州・瑞宝,"“七险一金,年终奖,带薪年假,春节假期”"
设计,高端职位,设计经理/主管,资深交互设计师/设计经理（移动端）,小蚁,https://www.lagou.com/jobs/3707462.html,20,13:31发布,经验5-10年 , 本科,深圳・大冲,"“小米生态链,成长公司,快速发展”"
设计,高端职位,设计经理/主管,产品设计经理,世纪超星,https://www.lagou.com/jobs/3540292.html,12,2017/11/7,经验3-5年 , 本科,北京・西二旗,"“年终奖金,带薪年假,专业培训,节日福利”"
设计,高端职位,设计经理/主管,电商设计经理,美甲帮,https://www.lagou.com/jobs/2668567.html,10,19:33发布,经验3-5年 , 本科,广州・大新,“双休 年轻团队 五险一金 体检 团队趴”
设计,高端职位,设计经理/主管,设计经理（龙珠直播）,PPTV聚力,https://www.lagou.com/jobs/3287895.html,15,09:17发布,经验5-10年 , 本科,上海・花木,“苏宁平台、直播、游戏、电竞、五险一金”
运营,编辑,记者,记者,数字尾巴,https://www.lagou.com/jobs/3798428.html,1,11:27发布,经验1年以下 , 大专,深圳・蛇口,“福利好”
运营,编辑,记者,记者,智东西,https://www.lagou.com/jobs/3638662.html,6,10:13发布,经验不限 , 本科,北京・中关村,"“公司牛人多,上升空间大,福利待遇好”"
运营,编辑,记者,记者,青声网络,https://www.lagou.com/jobs/3496927.html,5,10:24发布,经验1-3年 , 本科,杭州・仓前,“弹性工作制，福利待遇超级好，公司氛围佳”
运营,编辑,记者,记者,一刻talks,https://www.lagou.com/jobs/709497.html,10,2017/11/7,经验1-3年 , 本科,北京・雍和宫,“绩效奖金+五险一金+前景+车饭补+团建”
运营,编辑,记者,内容主笔/记者,腾跃校长在线,https://www.lagou.com/jobs/2973349.html,8,15:41发布,经验3-5年 , 本科,北京・苏州街,"“五险一金,年终奖金,南周大牛带,免费午餐”"
运营,编辑,记者,资深编辑/记者,新知百略,https://www.lagou.com/jobs/3055722.html,8,10:00发布,经验3-5年 , 大专,北京・三元桥,“股权绩效、五险一金、福利待遇好”
运营,编辑,记者,科技媒体网站编辑/记者,巴比特,https://www.lagou.com/jobs/1425561.html,8,19:36发布,经验1-3年 , 本科,杭州・三墩,“丰厚期权让你有强烈归属感”
运营,编辑,记者,明星直播频道宣传/记者,PPTV聚力,https://www.lagou.com/jobs/3772181.html,10,09:17发布,经验3-5年 , 本科,上海・花木,“公司平台大，氛围好，待遇高”
运营,编辑,记者,高级记者,投中信息,https://www.lagou.com/jobs/3657046.html,10,08:22发布,经验3-5年 , 本科,北京・东城区,"“五险一金,带薪病假,带薪年假”"
运营,编辑,记者,记者,以太资本,https://www.lagou.com/jobs/1246997.html,10,10:47发布,经验1-3年 , 本科,北京・大望路,“快速成长、同事优秀、出国TB、气氛融洽”
运营,编辑,记者,记者,小右科技,https://www.lagou.com/jobs/3791535.html,4,2017/11/7,经验1-3年 , 大专,杭州・滨江区,“大牛团队，高薪，周末双休，弹性工作”
运营,编辑,记者,新媒体编辑/记者,钓鱼之家,https://www.lagou.com/jobs/3250771.html,5,11:54发布,经验不限 , 本科,北京・西北旺,"“五险一金,绩效奖金,员工旅游,带薪年假”"
运营,编辑,记者,深度主管/记者,Q房网,https://www.lagou.com/jobs/3207172.html,9,09:49发布,经验1-3年 , 大专,深圳・科技园,"“五险一金,六日双休,节假日福利,定期体检”"
运营,编辑,记者,记者,创业黑马,https://www.lagou.com/jobs/2880905.html,10,09:12发布,经验1-3年 , 本科,北京・北京大学,"“上市公司,中关村,早午餐”"
运营,编辑,记者,记者,雷锋网,https://www.lagou.com/jobs/2977550.html,8,18:44发布,经验1-3年 , 本科,北京・万泉河,"“五险一金,绩效奖金,晋升空间大,双休”"
运营,编辑,记者,记者,青声网络,https://www.lagou.com/jobs/3496948.html,5,10:24发布,经验1-3年 , 本科,深圳・福田区,“弹性工作，福利待遇炒鸡棒，公司氛围佳”
运营,编辑,记者,资深编辑&记者&内容,新知百略,https://www.lagou.com/jobs/3055554.html,10,10:00发布,经验3-5年 , 大专,北京・三元桥,“五险一金、福利好”
运营,编辑,记者,记者,华邑集团,https://www.lagou.com/jobs/3661182.html,7,2017/11/7,经验3-5年 , 本科,杭州・艮山,"“集团产业多,公司发展快,全国性杂志”"
运营,编辑,记者,财经记者,金融界网站（互联网证券）,https://www.lagou.com/jobs/1828677.html,8,16:52发布,经验1-3年 , 本科,北京・宣武门,“六险一金 餐补”
运营,编辑,记者,媒体编辑/记者,WINGCA,https://www.lagou.com/jobs/3652813.html,4,14:58发布,经验不限 , 本科,南京・建宁路,"“团队年轻,绩效合理,晋升空间大”"
运营,编辑,记者,记者,母婴行业观察,https://www.lagou.com/jobs/505868.html,6,18:55发布,经验1-3年 , 大专,北京・朝阳区,“好玩，有趣，有发展空间”
运营,编辑,记者,记者以及实习生,卷卷科技,https://www.lagou.com/jobs/2723526.html,7,09:17发布,经验1-3年 , 本科,北京・东城区,"“有趣的烟,有趣的人”"
运营,编辑,记者,资深记者,创业黑马,https://www.lagou.com/jobs/2483210.html,15,09:12发布,经验5-10年 , 本科,北京,“五险一金、补充医疗、包吃、 节日福利”
运营,编辑,记者,高级记者,武汉亿房网,https://www.lagou.com/jobs/2522468.html,5,11:24发布,经验1-3年 , 本科,武汉・王家墩,“带薪年假，五险一金，周末双休，晋升空间大”
运营,编辑,记者,记者,大比特商务网,https://www.lagou.com/jobs/1499709.html,4,2017/11/6,经验1年以下 , 本科,广州・东圃,“五险一金、双休制、带薪年假15天、旅游”
运营,编辑,记者,资深记者,新浪网,https://www.lagou.com/jobs/3756146.html,10,2017/11/6,经验3-5年 , 本科,北京・西北旺,“成熟平台”
运营,编辑,记者,新媒体记者,欧界传媒,https://www.lagou.com/jobs/3271812.html,4,2017/11/7,经验1-3年 , 本科,广州・景泰,"“轻松的气氛,五险一金,节日礼金”"
运营,编辑,记者,记者,鸵鸟创投媒体,https://www.lagou.com/jobs/3436040.html,5,2017/11/7,经验1-3年 , 本科,上海・静安寺,"“地铁周边,五险一金,饭贴,时代前沿”"
运营,编辑,记者,采编/记者,东方华章,https://www.lagou.com/jobs/3791075.html,5,2017/11/6,经验3-5年 , 本科,北京・双井,"“创新,卓越,团结,坚持”"
运营,编辑,记者,资深记者,屏芯科技,https://www.lagou.com/jobs/3742294.html,8,2017-10-25,经验1-3年 , 本科,北京・五道口,“五险一金+免费下午茶+周末双休”
运营,编辑,记者,高级编辑/记者,新知百略,https://www.lagou.com/jobs/3056074.html,6,10:00发布,经验1-3年 , 大专,北京・三元桥,“五险一金、弹性工作、餐饮补贴、美女帅哥多”
运营,编辑,记者,商业记者,久邦GOMO,https://www.lagou.com/jobs/3651851.html,6,13:53发布,经验1-3年 , 本科,广州・越秀区,"“年轻,活力,机会多”"
运营,编辑,记者,网剧记者,魔数映画,https://www.lagou.com/jobs/3208247.html,6,2017/11/7,经验1-3年 , 大专,北京・高碑店,“五险、绩效奖金、年终奖”
运营,编辑,记者,记者,新零售100人,https://www.lagou.com/jobs/3727255.html,8,2017-10-20,经验1-3年 , 本科,杭州・仓前,"“五险一金,双休,环境优美”"
运营,编辑,记者,记者,鲸媒体,https://www.lagou.com/jobs/2574685.html,5,2017/11/6,经验1-3年 , 本科,北京・海淀区,"“五险一金,餐费补贴,专业培训,定期体检”"
运营,编辑,记者,记者,动点科技,https://www.lagou.com/jobs/3057467.html,5,2017/11/6,经验1-3年 , 本科,上海・闸北区,"“国际化,科技媒体,创新创业”"
运营,编辑,记者,记者,引爆点互动科技,https://www.lagou.com/jobs/3233526.html,6,18:56发布,经验1-3年 , 大专,北京・四惠,"“好玩,有趣,活动多,发展空间大”"
运营,编辑,记者,记者,GeekCar,https://www.lagou.com/jobs/1886306.html,5,2017/11/6,经验不限 , 本科,北京・朝阳区,“开放自由 视角独特”
运营,编辑,记者,记者,北京蓝色光标数字营销机构,https://www.lagou.com/jobs/3762084.html,7,10:14发布,经验1-3年 , 本科,北京・朝阳区,"“高大上,福利全,假期多,有股票”"
运营,编辑,记者,记者,创业邦,https://www.lagou.com/jobs/268247.html,8,2017-10-12,经验1-3年 , 本科,北京・亮马桥,“五险一金、周末双休、各种福利”
运营,编辑,记者,记者,成都菁苗教育科技股份,https://www.lagou.com/jobs/3697056.html,4,2017-10-25,经验1-3年 , 本科,成都・锦江区,"“商报控股,福利好”"
运营,编辑,记者,财经记者,Q房网,https://www.lagou.com/jobs/3437372.html,9,09:49发布,经验1-3年 , 大专,深圳・科技园,"“五险一金,职位补贴,六日双休,年度旅游”"
运营,编辑,记者,记者,万联亿通,https://www.lagou.com/jobs/3673348.html,5,2017/11/6,经验1-3年 , 本科,深圳・南头,"“高成长,快节奏,知识面广”"
运营,编辑,记者,资讯编辑 - 记者方向,玩盒科技,https://www.lagou.com/jobs/2816844.html,5,09:57发布,经验1-3年 , 本科,广州・东圃,"“年底双薪,五险一金,年度旅游,饭补”"
运营,编辑,记者,记者（教育）,芥末堆,https://www.lagou.com/jobs/2682847.html,8,2017/11/6,经验1-3年 , 本科,北京・万泉河,"“员工持股,海外团建,弹性工作”"
市场与销售,市场/营销,政府关系,政府关系,Hellobike哈罗单车,https://www.lagou.com/jobs/3614808.html,5,10:11发布,经验不限 , 大专,温州・鹿城区,"“五险一金,绩效奖金,快速晋升,股票期权”"
市场与销售,市场/营销,政府关系,政府关系,简书,https://www.lagou.com/jobs/3788914.html,10,09:58发布,经验3-5年 , 本科,上海・徐家汇,"“大牛团队,福利多多,创业氛围,扁平管理”"
市场与销售,市场/营销,政府关系,政府关系,触手,https://www.lagou.com/jobs/3721509.html,15,15:50发布,经验5-10年 , 本科,杭州・西湖区,"“五险一金,弹性时间,政府关系”"
市场与销售,市场/营销,政府关系,政府关系经理,蜜蜂出行,https://www.lagou.com/jobs/3798632.html,4,11:45发布,经验1-3年 , 大专,郑州・郑东新区,"“扁平化,双休,六险一金,不定期团建”"
市场与销售,市场/营销,政府关系,政府关系,恒天易开,https://www.lagou.com/jobs/3736287.html,10,09:22发布,经验1-3年 , 本科,北京・左家庄,“易开租车，打造绿色出行方式”
市场与销售,市场/营销,政府关系,政府关系,ofo,https://www.lagou.com/jobs/2810689.html,6,2017/11/7,经验3-5年 , 大专,西安・高新技术产业开发区,"“弹性时间,零食”"
市场与销售,市场/营销,政府关系,政府关系,地平线机器人,https://www.lagou.com/jobs/3679731.html,10,2017/11/7,经验不限 , 不限,南京・尧化,“六险一金福利好、弹性工作制”
市场与销售,市场/营销,政府关系,政府关系专员,美甲帮,https://www.lagou.com/jobs/3595695.html,6,10:34发布,经验1-3年 , 本科,广州・元岗,"“公司前景好,团队年轻,员工福利好”"
市场与销售,市场/营销,政府关系,政府关系总监,36计商学院,https://www.lagou.com/jobs/3739606.html,8,09:34发布,经验5-10年 , 大专,深圳・福田区,"“福利多,工作氛围好,发展空间大,弹性工作”"
市场与销售,市场/营销,政府关系,政府关系,我来贷WeLab,https://www.lagou.com/jobs/2759989.html,10,2017/11/7,经验5-10年 , 本科,深圳・后海,"“股票期权,年终奖金,绩效奖金,扁平管理”"
市场与销售,市场/营销,政府关系,【政府关系总监】,新氧盒子,https://www.lagou.com/jobs/3468265.html,30,02:52发布,经验不限 , 本科,北京・朝阳区,"“金融局,金融办,一行三会”"
市场与销售,市场/营销,政府关系,政府关系经理,3W集团,https://www.lagou.com/jobs/3795437.html,6,10:17发布,经验3-5年 , 本科,西安・经济技术开发区,"“成长空间大,行业前沿,福利待遇佳”"
市场与销售,市场/营销,政府关系,政府关系专员,东家,https://www.lagou.com/jobs/3719449.html,12,08:36发布,经验5-10年 , 本科,杭州・西湖区,"“公司平台好,福利待遇好,发展空间大”"
市场与销售,市场/营销,政府关系,政府关系与事务专员,码隆科技,https://www.lagou.com/jobs/3128939.html,6,2017/11/7,经验3-5年 , 本科,深圳・沙头角,"“弹性工作制,广阔发展前”"
市场与销售,市场/营销,政府关系,政府关系总监,斗米兼职,https://www.lagou.com/jobs/3606044.html,30,11:48发布,经验5-10年 , 本科,北京・海淀区,"“六险一金,节日福利”"
市场与销售,市场/营销,政府关系,政府关系,Hellobike哈罗单车,https://www.lagou.com/jobs/3614847.html,5,10:11发布,经验不限 , 大专,金华・义乌市,"“五险一金,快速晋升,绩效奖金,年底双薪”"
市场与销售,市场/营销,政府关系,政府关系经理,七牛云,https://www.lagou.com/jobs/3776690.html,10,08:52发布,经验3-5年 , 本科,上海・张江,“年假病假， 免费早餐，免费健身，零食饮料”
市场与销售,市场/营销,政府关系,政府关系经理,mobike摩拜单车,https://www.lagou.com/jobs/3790194.html,15,13:52发布,经验3-5年 , 本科,北京・朝阳区,“网红公司”
市场与销售,市场/营销,政府关系,政府关系,嘟嘟巴士,https://www.lagou.com/jobs/3769601.html,10,2017/11/6,经验3-5年 , 本科,深圳・南山区,“福利待遇好”
市场与销售,市场/营销,政府关系,政府关系经理,小蚁,https://www.lagou.com/jobs/3045058.html,18,13:31发布,经验5-10年 , 本科,上海・浦东新区,"“小米生态链,智能硬件,科技公司,餐补茶歇”"
市场与销售,市场/营销,政府关系,政府关系专员,人人车,https://www.lagou.com/jobs/3790071.html,6,2017/11/7,经验1-3年 , 本科,北京・朝阳区,“福利待遇好”
市场与销售,市场/营销,政府关系,政府关系,新片场,https://www.lagou.com/jobs/3312728.html,15,10:50发布,经验5-10年 , 本科,北京・东城区,"“发展空间大,福利多”"
市场与销售,市场/营销,政府关系,政府关系-上海,美团点评,https://www.lagou.com/jobs/3715773.html,20,2017-10-18,经验10年以上 , 本科,上海・虹桥,“发展平台”
市场与销售,市场/营销,政府关系,政府关系实习生,一点资讯,https://www.lagou.com/jobs/3760006.html,2,10:15发布,经验不限 , 不限,北京・朝阳区,“绩效奖金”
市场与销售,市场/营销,政府关系,政府关系助理,YY Inc,https://www.lagou.com/jobs/3058478.html,2,2017/11/7,经验不限 , 本科,广州・番禺区,“上市公司，福利齐全”
市场与销售,市场/营销,政府关系,政府关系专员,多牛传媒,https://www.lagou.com/jobs/3513701.html,4,09:11发布,经验1-3年 , 本科,北京・西三旗,"“五险一金,周末双休”"
市场与销售,市场/营销,政府关系,政府关系专员,ofo,https://www.lagou.com/jobs/3208369.html,5,2017/11/7,经验1-3年 , 大专,西安・唐延路,“下午茶，五险一金”
市场与销售,市场/营销,政府关系,政府关系,随地付,https://www.lagou.com/jobs/3682311.html,10,2017-10-10,经验3-5年 , 本科,杭州・西湖区,"“五险一金,工作氛围佳,老板随和,年底国外游”"
市场与销售,市场/营销,政府关系,政府关系专员/政府事务专员/政府对接专员,基石生命,https://www.lagou.com/jobs/3477274.html,4,09:07发布,经验1-3年 , 不限,北京・四季青,“五险一金；绩效奖金；年终分红；交通补助等”
市场与销售,市场/营销,政府关系,政府关系经理,蜜蜂出行,https://www.lagou.com/jobs/3546196.html,5,2017-11-01,经验3-5年 , 不限,郑州・郑东新区,“年底双薪”
市场与销售,市场/营销,政府关系,政府关系,Hellobike哈罗单车,https://www.lagou.com/jobs/3614831.html,5,10:11发布,经验不限 , 大专,宁波・鄞州区,"“五险一金,股票期权,绩效奖金,快速晋升”"
市场与销售,市场/营销,政府关系,政府关系经理,mobike摩拜单车,https://www.lagou.com/jobs/3782829.html,15,2017/11/7,经验5-10年 , 本科,深圳・福田区,“年底奖金 期权”
市场与销售,市场/营销,政府关系,政府关系专员,人人车,https://www.lagou.com/jobs/3606071.html,6,2017/11/7,经验1-3年 , 本科,北京・北苑,“平台大，成长快，邻地铁”
市场与销售,市场/营销,政府关系,政府关系经理,领投鸟,https://www.lagou.com/jobs/3609275.html,10,09:51发布,经验3-5年 , 本科,上海・普陀区,“险一金；弹性工作；节日福利；带薪年假”
市场与销售,市场/营销,政府关系,政府关系总监,APUS Group,https://www.lagou.com/jobs/3681323.html,30,2017/11/7,经验10年以上 , 本科,北京・朝阳区,"“六险一金,带薪年假,发展迅速”"
市场与销售,市场/营销,政府关系,政府关系专员,ZStack,https://www.lagou.com/jobs/3384609.html,8,2017/11/7,经验1-3年 , 本科,上海・闵行区,"“阿里混合云,扁平化管理,好福利,大牛云集”"
市场与销售,市场/营销,政府关系,政府关系经理,黑派科技,https://www.lagou.com/jobs/3778720.html,8,2017-11-03,经验1-3年 , 本科,北京・朝阳门,"“大牛云集,成长迅速,福利待遇好,团队氛围好”"
市场与销售,市场/营销,政府关系,政府关系经理,趣理财,https://www.lagou.com/jobs/3726547.html,10,2017/11/7,经验3-5年 , 本科,杭州・古荡,"“五险一金,年体检,早十晚六,餐补”"
市场与销售,市场/营销,政府关系,政府关系经理,中腾信,https://www.lagou.com/jobs/3077768.html,14,18:27发布,经验3-5年 , 本科,北京・朝阳区,"“中信系,年终奖丰厚”"
市场与销售,市场/营销,政府关系,政府关系经理,小蚁,https://www.lagou.com/jobs/1413534.html,15,13:31发布,经验5-10年 , 本科,北京・清河,“小米顶级生态链企业”
市场与销售,市场/营销,政府关系,政府关系经理,百灵鸟,https://www.lagou.com/jobs/3759216.html,10,2017-10-31,经验1-3年 , 本科,深圳・福田区,"“体育互联,朝阳行业,薪资福利优,氛围和谐”"
市场与销售,市场/营销,政府关系,政府关系总监(J10961),沪江,https://www.lagou.com/jobs/3219885.html,30,12:01发布,经验5-10年 , 本科,北京・中关村,“上市前夜 周末双休 弹性办公”
市场与销售,市场/营销,政府关系,政府关系总监,奇点金服,https://www.lagou.com/jobs/3598423.html,40,2017/11/7,经验5-10年 , 本科,北京・大望路,"“硅谷文化,精英团队,独角兽公司”"
市场与销售,市场/营销,政府关系,政府关系总监,蜜蜂出行,https://www.lagou.com/jobs/3445037.html,15,2017-11-02,经验5-10年 , 不限,北京・望京,"“发展迅速,行业第一”"
市场与销售,市场/营销,政府关系,政府关系经理/高级经理,敦煌网,https://www.lagou.com/jobs/3452968.html,10,10:52发布,经验5-10年 , 本科,北京・五道口,"“五险一金,绩效奖金,通讯补贴,弹性工作”"
市场与销售,市场/营销,政府关系,政府关系,Hellobike哈罗单车,https://www.lagou.com/jobs/3616384.html,5,10:11发布,经验3-5年 , 大专,唐山・路南区,"“年假,高福利”"
市场与销售,市场/营销,政府关系,政府关系经理,mobike摩拜单车,https://www.lagou.com/jobs/3782784.html,15,13:52发布,经验3-5年 , 本科,北京・朝阳区,“网红公司”
市场与销售,市场/营销,政府关系,政府关系（专员）,个推,https://www.lagou.com/jobs/2957828.html,6,2017-11-02,经验1-3年 , 本科,杭州・古墩路,“互联网独角兽 薪资福利佳”
市场与销售,市场/营销,政府关系,政府关系经理,APUS Group,https://www.lagou.com/jobs/3019486.html,20,2017/11/7,经验3-5年 , 本科,北京・望京,"“年终奖金,房补车补,节日福利,周末双休”"
市场与销售,市场/营销,政府关系,政府关系经理,创业邦,https://www.lagou.com/jobs/3508507.html,8,2017-10-11,经验1-3年 , 本科,北京・亮马桥,"“发展空间大,福利待遇好”"
市场与销售,市场/营销,政府关系,政府关系经理,运满满,https://www.lagou.com/jobs/3627508.html,15,2017-10-10,经验5-10年 , 本科,北京・雍和宫,"“五险一金,年终奖金,扁平化管理,平台大”"
市场与销售,市场/营销,政府关系,政府关系专员,美团点评,https://www.lagou.com/jobs/3383997.html,10,10:38发布,经验3-5年 , 本科,北京・望京,"“牛人聚集,丰厚薪资,免费班车,股票期权”"
市场与销售,市场/营销,政府关系,政府关系经理,小赢科技,https://www.lagou.com/jobs/3116589.html,10,2017/11/7,经验3-5年 , 本科,深圳・深圳湾,“富诱惑力的薪酬、良好的发展机会”
市场与销售,市场/营销,政府关系,政府关系经理,碧虎科技,https://www.lagou.com/jobs/3723598.html,10,2017-10-19,经验不限 , 本科,上海・曹杨,“带薪年假 周末双休 广阔发展空间”
市场与销售,市场/营销,政府关系,政府关系/市场,爱家田螺,https://www.lagou.com/jobs/3631591.html,8,2017-10-23,经验1-3年 , 本科,杭州・古墩路,"“前景广,团队活跃,年轻人多,重成长”"
市场与销售,市场/营销,政府关系,政府关系经理,3W集团,https://www.lagou.com/jobs/3570730.html,10,10:17发布,经验3-5年 , 本科,北京・中关村,"“免费两餐,福利好,氛围好,成长空间”"
市场与销售,市场/营销,政府关系,政府关系专员,GALASPORTS,https://www.lagou.com/jobs/3009048.html,5,2017-11-03,经验1-3年 , 本科,深圳・宝安区,"“红包大,年假多”"
市场与销售,市场/营销,政府关系,政府关系,知了青年,https://www.lagou.com/jobs/3764055.html,5,2017-10-31,经验1-3年 , 大专,北京・朝阳区,"“地铁周边,办公环境良”"
市场与销售,市场/营销,政府关系,培优总部-政府关系主管/经理,好未来,https://www.lagou.com/jobs/3218666.html,10,2017/11/7,经验3-5年 , 本科,北京・中关村,“六险一金 绩效奖金 年终奖金”
市场与销售,市场/营销,政府关系,政府关系专员,瓜子二手车直卖网,https://www.lagou.com/jobs/3634129.html,6,2017-10-23,经验不限 , 本科,北京・上地,“五险一金+超长年假+节日福利+弹性工作时间”
市场与销售,投资,投资顾问,投资顾问,亿鑫达,https://www.lagou.com/jobs/3801289.html,3,17:00发布,经验不限 , 不限,石家庄・裕华区,“听话照做就能挣钱。”
市场与销售,投资,投资顾问,投资顾问,善林金融,https://www.lagou.com/jobs/3800150.html,2,15:20发布,经验不限 , 不限,佛山・顺德区,“五险一金、五天制、时间自由、法定节假日。”
市场与销售,投资,投资顾问,投资顾问,钱生钱咨询,https://www.lagou.com/jobs/3796951.html,10,07:12发布,经验1年以下 , 不限,北京・奥运村,“早9晚6，双休，不加班，上5险”
市场与销售,投资,投资顾问,高端投资顾问,丽兹行,https://www.lagou.com/jobs/3777412.html,7,19:20发布,经验不限 , 本科,上海・长宁区,"“高薪,高底薪,带薪培训,晋升空间大”"
市场与销售,投资,投资顾问,投资顾问,广东中原地产科贸,https://www.lagou.com/jobs/3695593.html,8,14:22发布,经验不限 , 大专,广州・石牌,“薪资待遇高，晋升机会多，平台大”
市场与销售,投资,投资顾问,金牌投资顾问,骏嘉财通,https://www.lagou.com/jobs/3796519.html,6,17:16发布,经验不限 , 大专,北京・广渠门,"“带薪培训,孝薪基金,员工宿舍”"
市场与销售,投资,投资顾问,理财投资顾问,深圳市名瑞德国际金融服务有限公司,https://www.lagou.com/jobs/3800423.html,8,15:46发布,经验不限 , 大专,深圳・福田区,"“薪资福利好,晋升空间大,临近地铁,做五休二”"
市场与销售,投资,投资顾问,投资顾问,微贷网,https://www.lagou.com/jobs/3532507.html,6,11:34发布,经验不限 , 大专,杭州・江干区,"“双休,带薪年休假,下午茶,年终奖”"
市场与销售,投资,投资顾问,投资顾问,宜信,https://www.lagou.com/jobs/3367765.html,15,10:17发布,经验1-3年 , 大专,北京・东城区,"“高额佣金,六险一金,专业培训,公司规模大”"
市场与销售,投资,投资顾问,证券投资顾问,天金加银集团,https://www.lagou.com/jobs/3340223.html,8,2017/11/7,经验1-3年 , 本科,天津・小白楼,"“社险公积金,奢华下午茶,带薪年假,5A级办公”"
市场与销售,投资,投资顾问,投资顾问,金大师,https://www.lagou.com/jobs/3545769.html,8,2017-10-24,经验不限 , 大专,广州・沙河,“广阔的职业发展与晋升空间”
市场与销售,投资,投资顾问,投资/理财顾问,红上金融,https://www.lagou.com/jobs/3683714.html,4,09:37发布,经验1-3年 , 大专,无锡・蠡湖,“五险一金，周末双休，带薪年假，节日福利”
市场与销售,投资,投资顾问,投资理财顾问,央金所（杭州）科技有限公司,https://www.lagou.com/jobs/3795314.html,5,17:20发布,经验不限 , 不限,杭州・三墩,"“福利好,提点高,氛围好,老板好”"
市场与销售,投资,投资顾问,投资顾问,金融界网站（互联网证券）,https://www.lagou.com/jobs/3259108.html,8,16:25发布,经验1-3年 , 本科,北京・宣武门,“支持挂靠 投顾咨询 专业平台 上市公司”
市场与销售,投资,投资顾问,投资顾问,佛山巨投,https://www.lagou.com/jobs/3111003.html,2,2017/11/6,经验不限 , 大专,佛山・南海区,"“朝九晚五,周末双休,提成,住宿”"
市场与销售,投资,投资顾问,投资顾问,丽兹行,https://www.lagou.com/jobs/3717324.html,8,19:20发布,经验1-3年 , 本科,上海・浦东新区,"“高薪,高端人脉,带薪培新,氛围好”"
市场与销售,投资,投资顾问,金融销售/投资顾问,互存金融,https://www.lagou.com/jobs/2797327.html,30,09:47发布,经验1-3年 , 大专,杭州・西湖区,"“五险一金,周末双休,绩效奖金,弹性工作”"
市场与销售,投资,投资顾问,投资顾问,好买基金网（联想腾讯注资企业）,https://www.lagou.com/jobs/3374291.html,6,09:31发布,经验1-3年 , 大专,上海・浦东新区,"“产品多样,风控严,培训多,专业”"
市场与销售,投资,投资顾问,投资顾问,中泉信息,https://www.lagou.com/jobs/3690920.html,5,2017/11/7,经验不限 , 大专,长沙・芙蓉区政府,"“周末双休,五险一金,住房补贴,晋升空间大”"
市场与销售,投资,投资顾问,投资顾问,圭顿金融,https://www.lagou.com/jobs/3682263.html,6,2017-10-10,经验不限 , 大专,长沙・书院路,“双休，朝九晚六，五险一金”
市场与销售,投资,投资顾问,投资顾问,首证投顾,https://www.lagou.com/jobs/3029918.html,6,09:08发布,经验1-3年 , 本科,北京・丰台区,"“五险,带薪年假,节日福利,全勤奖”"
市场与销售,投资,投资顾问,投资顾问,联讯证券珠海营业部,https://www.lagou.com/jobs/3742243.html,4,2017-10-25,经验1-3年 , 本科,珠海・香洲区,"“双休,朝九晚五,高额提成,绩效奖”"
市场与销售,投资,投资顾问,投资顾问,钱生钱咨询,https://www.lagou.com/jobs/3791231.html,10,2017/11/7,经验1年以下 , 不限,北京・奥运村,“早9晚6，不加班，双休，上5险”
市场与销售,投资,投资顾问,投资顾问,上海森洋,https://www.lagou.com/jobs/3693309.html,8,2017-10-25,经验不限 , 大专,郑州・经三路,“无责3000底薪+全勤+高提成+其他福利”
市场与销售,投资,投资顾问,投资顾问（美股）,中地控股,https://www.lagou.com/jobs/3579423.html,10,19:00发布,经验3-5年 , 本科,深圳・南山区,"“各项补贴,专业,高效”"
市场与销售,投资,投资顾问,投资顾问/业务主管,央企背景综合性财富管理,https://www.lagou.com/jobs/3795306.html,10,2017/11/7,经验1-3年 , 本科,北京・大望路,“央企背景，综合财富平台，年入百万不是梦！”
市场与销售,投资,投资顾问,投资顾问,融铎网络,https://www.lagou.com/jobs/3790704.html,5,2017/11/6,经验5-10年 , 本科,西安・沣惠南路,"“弹性工作,五险”"
市场与销售,投资,投资顾问,投资顾问,万烨天华,https://www.lagou.com/jobs/3729907.html,4,2017-10-21,经验不限 , 不限,青岛・市北区,“一份你做了就不想走的工作。”
市场与销售,投资,投资顾问,投资顾问,奇点金服,https://www.lagou.com/jobs/3350679.html,10,2017/11/7,经验不限 , 本科,北京・大望路,"“企业理财,对公业务,创投圈,TMT”"
市场与销售,投资,投资顾问,投资顾问,天津中金在线,https://www.lagou.com/jobs/3598349.html,8,15:31发布,经验不限 , 不限,天津・滨海新区,"“五险一金,带薪年假,月休八天,员工旅游”"
市场与销售,投资,投资顾问,高端投资顾问,丽兹行,https://www.lagou.com/jobs/3717275.html,7,19:20发布,经验不限 , 本科,上海・黄浦区,"“高薪,高端人脉,晋升空间大,氛围好”"
市场与销售,投资,投资顾问,投资顾问,钱生钱咨询,https://www.lagou.com/jobs/3788775.html,10,2017/11/6,经验1年以下 , 不限,北京・奥运村,“早9晚6，双休，不加班，上5险”
市场与销售,投资,投资顾问,投资顾问,奇点金服,https://www.lagou.com/jobs/3350650.html,10,2017/11/7,经验不限 , 本科,深圳・南山区,"“融资,投资,创投圈”"
市场与销售,投资,投资顾问,投资顾问,股票雷达,https://www.lagou.com/jobs/3648539.html,5,2017/11/6,经验不限 , 不限,北京・安贞,"“待遇优,晋升空间大”"
市场与销售,投资,投资顾问,投资顾问,巨龙鼎,https://www.lagou.com/jobs/3740395.html,5,2017-10-30,经验不限 , 大专,武汉・光谷,"“提供住宿,周末双休,带薪培训,带薪年假”"
市场与销售,投资,投资顾问,投资顾问,投哪儿大股东,https://www.lagou.com/jobs/3670255.html,4,2017/11/7,经验不限 , 不限,广州・珠江新城,"“股权众筹,P2P,金融理财”"
市场与销售,投资,投资顾问,投资顾问,宸豪,https://www.lagou.com/jobs/1941695.html,3,2017/11/7,经验不限 , 不限,杭州・运河,“五险一金、奖金丰厚、旅游、体检”
市场与销售,投资,投资顾问,投资顾问,佛山巨投,https://www.lagou.com/jobs/3104790.html,2,2017/11/6,经验不限 , 大专,广州・荔湾区,"“朝九晚五,周末双休,提成,福利好”"
市场与销售,投资,投资顾问,投资顾问,中和阳光基金,https://www.lagou.com/jobs/1991222.html,8,2017-11-02,经验3-5年 , 大专,深圳・科技园,“高额提成 双休 下午茶”
市场与销售,投资,投资顾问,投资顾问/管理,湘铭电子商务,https://www.lagou.com/jobs/3743301.html,5,2017-10-25,经验不限 , 大专,长沙・黄兴路,"“发展迅速,免费培训,朝十晚五,周末双休”"
市场与销售,投资,投资顾问,投资顾问,国信深南中路营业部,https://www.lagou.com/jobs/3367698.html,10,2017-11-01,经验不限 , 硕士,深圳・上步,"“专业,前景好”"
市场与销售,投资,投资顾问,投资顾问,牛眼财经,https://www.lagou.com/jobs/3595122.html,3,2017-10-16,经验不限 , 不限,西安・高新路,"“生日假,带薪年假,免费培训,环境好”"
市场与销售,投资,投资顾问,客服经理/投资顾问,图表家,https://www.lagou.com/jobs/2220842.html,4,2017/11/6,经验1-3年 , 大专,上海・黄浦区,"“技能培训,业绩奖金,餐补,交通补助”"
市场与销售,投资,投资顾问,投资顾问,流畅世纪,https://www.lagou.com/jobs/3504011.html,6,2017/11/6,经验不限 , 不限,北京・大望路,“美女如云，福利多多！”
市场与销售,投资,投资顾问,投资顾问,北京京深弘杰投资顾问有限公司,https://www.lagou.com/jobs/3692912.html,6,2017/11/7,经验不限 , 不限,北京・朝阳区,“公司有不定时团建，节假日组织旅游”
市场与销售,投资,投资顾问,投资专员/投资顾问-底薪1万-1.3万/月,丽兹行,https://www.lagou.com/jobs/3719075.html,10,2017/11/7,经验1年以下 , 本科,北京・东城区,"“平台大,晋升快,薪资高,福利好”"
市场与销售,投资,投资顾问,投资顾问,钱生钱咨询,https://www.lagou.com/jobs/3785860.html,10,3天前发布,经验1年以下 , 不限,北京・奥运村,“早9晚6，双休，没加班，上5险”
市场与销售,投资,投资顾问,投资顾问,奇点金服,https://www.lagou.com/jobs/3350665.html,10,2017/11/7,经验不限 , 本科,上海・徐汇区,"“企业理财,对公业务,机构业务”"
市场与销售,投资,投资顾问,投资顾问,富勤财富,https://www.lagou.com/jobs/3773033.html,7,2017-11-01,经验1-3年 , 大专,天津・滨江道,"“高底薪,绩效奖励,灵活工作,六险一金”"
市场与销售,投资,投资顾问,投资顾问,银来财富,https://www.lagou.com/jobs/1548497.html,6,2017/11/6,经验不限 , 大专,上海・交通大学,“更大平台 更高薪资 更广发展”
市场与销售,投资,投资顾问,投资顾问,闹究萍,https://www.lagou.com/jobs/3609448.html,6,2017/11/6,经验不限 , 大专,重庆・谢家湾,"“美女如云,不打卡,”"
市场与销售,投资,投资顾问,投资顾问,企鹅科技,https://www.lagou.com/jobs/3412384.html,6,2017/11/6,经验不限 , 大专,广州・钟村,"“福利待遇好,提成高”"
市场与销售,投资,投资顾问,投资顾问,中孚财富,https://www.lagou.com/jobs/3683225.html,5,2017-10-10,经验1年以下 , 本科,北京・CBD,"“不加班,双休”"
市场与销售,投资,投资顾问,投资顾问,赢世纪,https://www.lagou.com/jobs/3609123.html,8,2017-10-16,经验1年以下 , 大专,深圳・购物公园,“深圳CBD中心区??接触高净值客户”
市场与销售,投资,投资顾问,投资顾问,易福投资,https://www.lagou.com/jobs/3789712.html,4,2017/11/6,经验不限 , 不限,上海・五角场,“晋升空间大，福利待遇好，做五休二。”
市场与销售,投资,投资顾问,投资顾问,兴合升平,https://www.lagou.com/jobs/3511994.html,8,2017/11/6,经验不限 , 大专,北京・展览路,"“高底薪,高提成,高奖金,双休”"
市场与销售,投资,投资顾问,投资顾问,晟远投资,https://www.lagou.com/jobs/3659160.html,6,2017-10-31,经验1年以下 , 大专,北京・大望路,“工作环境氛围好，地铁周边，公司管理人性化”
市场与销售,投资,投资顾问,投资顾问,中御熙川,https://www.lagou.com/jobs/3728355.html,4,2017-10-20,经验不限 , 不限,武汉・光谷,“双休包住/无压力/无责任底薪”
市场与销售,投资,投资顾问,投资顾问,华讯投资,https://www.lagou.com/jobs/2947505.html,5,2017-10-30,经验1-3年 , 不限,上海,"“公司前景好,带薪年假”"
市场与销售,投资,投资顾问,投资理财顾问,麦子金服,https://www.lagou.com/jobs/3089184.html,5,2017-10-14,经验不限 , 大专,上海・肇嘉浜路,“五险一金 带薪年假 节假日福利 每月活动”
市场与销售,高端职位,公关总监,公关总监,懒财网,https://www.lagou.com/jobs/2575165.html,30,2017/11/7,经验5-10年 , 本科,北京・望京,“七险一金，境外游，10天年假”
市场与销售,高端职位,公关总监,公关总监,阿拉丁信息科技,https://www.lagou.com/jobs/3277529.html,12,11:15发布,经验3-5年 , 本科,杭州・拱墅区,"“周末双休,五险一金”"
市场与销售,高端职位,公关总监,高级公关经理/公关总监,e签宝,https://www.lagou.com/jobs/3801220.html,15,16:55发布,经验5-10年 , 本科,杭州・翠苑,"“六险一金,圈内大牛,福利众多,空间大”"
市场与销售,高端职位,公关总监,公关总监,足球魔方,https://www.lagou.com/jobs/1239617.html,12,19:07发布,经验5-10年 , 本科,上海・龙华,“最cool的产品+最cool的团队+最给力的?”
市场与销售,高端职位,公关总监,公关总监,钛铂新媒体,https://www.lagou.com/jobs/3480256.html,15,10:29发布,经验3-5年 , 大专,深圳・福田区,"“专业平台,高薪”"
市场与销售,高端职位,公关总监,公关总监,信而富,https://www.lagou.com/jobs/3680873.html,30,09:23发布,经验10年以上 , 本科,上海・长宁区,"“互金行业,发展快”"
市场与销售,高端职位,公关总监,公关总监,格格家,https://www.lagou.com/jobs/3451349.html,25,2017-11-03,经验5-10年 , 本科,杭州・西溪,“核心岗位”
市场与销售,高端职位,公关总监,公关总监,智融集团,https://www.lagou.com/jobs/3750285.html,25,17:10发布,经验5-10年 , 本科,北京・知春路,“六险一金、上升快速、公司前景清晰”
市场与销售,高端职位,公关总监,公关总监/经理,钱多多,https://www.lagou.com/jobs/3658490.html,8,11:33发布,经验3-5年 , 大专,长沙・湘江中路,“团队氛围好”
市场与销售,高端职位,公关总监,公关总监,文思海辉,https://www.lagou.com/jobs/3573778.html,25,13:05发布,经验10年以上 , 本科,北京・西三旗,"“靠近地铁站,团队年轻,公司前景好”"
市场与销售,高端职位,公关总监,公关总监,个推,https://www.lagou.com/jobs/2873799.html,20,2017-11-02,经验3-5年 , 本科,杭州・古墩路,“16-18薪 互联网独角兽”
市场与销售,高端职位,公关总监,公关总监,光汇石油,https://www.lagou.com/jobs/3103414.html,21,09:02发布,经验5-10年 , 本科,上海・黄浦区,"“公司前景好,优秀团队”"
市场与销售,高端职位,公关总监,公关总监,飞鱼科技,https://www.lagou.com/jobs/3403903.html,20,2017/11/7,经验5-10年 , 本科,深圳・南山区,“上市公司 空间大 氛围佳”
市场与销售,高端职位,公关总监,公关总监,美豹金融,https://www.lagou.com/jobs/3444925.html,15,16:12发布,经验不限 , 本科,深圳・科技园,"“福利好,待爆发,期权激励,出国游”"
市场与销售,高端职位,公关总监,公关总监,大鱼自助游,https://www.lagou.com/jobs/3443144.html,25,09:54发布,经验5-10年 , 本科,北京・朝阳区,"“发展空间,期权奖励,优秀团队”"
市场与销售,高端职位,公关总监,公关总监,格格家,https://www.lagou.com/jobs/3519460.html,25,2017-11-03,经验5-10年 , 不限,杭州・西湖区,“公关体系”
市场与销售,高端职位,公关总监,公关总监（一）,个推,https://www.lagou.com/jobs/2808851.html,20,2017-11-02,经验3-5年 , 本科,杭州・古墩路,“16-18薪 互联网独角兽”
市场与销售,高端职位,公关总监,高级公关经理／公关总监,摩天轮,https://www.lagou.com/jobs/3707486.html,30,10:28发布,经验5-10年 , 本科,上海・徐汇区,"“年轻人文化,期权,部门氛围好”"
市场与销售,高端职位,公关总监,媒介/公关总监/经理,晟世天成科技,https://www.lagou.com/jobs/3799603.html,15,14:28发布,经验5-10年 , 本科,北京・远大路,"“股权期权,互联网+,云产品,科技创新”"
市场与销售,高端职位,公关总监,公关总监,考拉FM,https://www.lagou.com/jobs/3392645.html,20,09:45发布,经验5-10年 , 本科,北京・颐和园,"“工作氛围好,产品给力,弹性工作”"
市场与销售,高端职位,公关总监,市场/公关总监,通联数据,https://www.lagou.com/jobs/3458922.html,20,2017-10-25,经验3-5年 , 本科,上海・四川北路,"“薪资福利,成长空间”"
市场与销售,高端职位,公关总监,公关总监,知乎,https://www.lagou.com/jobs/3752469.html,25,2017-10-26,经验5-10年 , 本科,北京・五道口,“弹性工作 MAC办公 健身房”
市场与销售,高端职位,公关总监,公关总监,光汇石油,https://www.lagou.com/jobs/3103374.html,21,09:02发布,经验5-10年 , 本科,上海・黄浦区,"“公司前景好,内部培训,优秀团队”"
市场与销售,高端职位,公关总监,品牌公关总监,方欣科技,https://www.lagou.com/jobs/3604042.html,25,19:27发布,经验5-10年 , 本科,广州・萝岗区,"“上市公司,发挥空间大,前沿互联网”"
市场与销售,高端职位,公关总监,品牌公关总监,有鱼金融科技,https://www.lagou.com/jobs/2668839.html,10,2017/11/7,经验3-5年 , 本科,上海・漕宝路,“高发展~高福利~”
市场与销售,高端职位,公关总监,公关总监,物灵,https://www.lagou.com/jobs/2846982.html,20,16:34发布,经验5-10年 , 本科,北京・朝阳区,"“人工智能,万物有灵,上市背景,硅谷范”"
市场与销售,高端职位,公关总监,公关总监,Keep,https://www.lagou.com/jobs/3679239.html,30,2017-10-09,经验5-10年 , 本科,北京・东四,"“公司有前景,团队氛围好,福利多多”"
市场与销售,高端职位,公关总监,品牌公关总监,汇桔网,https://www.lagou.com/jobs/3419227.html,25,09:43发布,经验5-10年 , 不限,北京・海淀区,“五险一金、员工旅游、年终奖金、股票期权”
市场与销售,高端职位,公关总监,媒体公关总监,探探,https://www.lagou.com/jobs/217024.html,15,2017/11/6,经验3-5年 , 本科,北京・建国门,“2017最黑马的社交应用、最值钱的股权激励”
市场与销售,高端职位,公关总监,公关总监（PR Director）,触宝科技,https://www.lagou.com/jobs/3380336.html,30,10:35发布,经验5-10年 , 本科,上海・漕宝路,"“老板好,团队佳,待遇好”"
市场与销售,高端职位,公关总监,高级公关总监,个推,https://www.lagou.com/jobs/2842270.html,20,2017-10-19,经验10年以上 , 本科,杭州・古墩路,“互联网独角兽 16-18薪”
市场与销售,高端职位,公关总监,品牌公关总监,方欣科技,https://www.lagou.com/jobs/3676036.html,40,19:24发布,经验5-10年 , 本科,广州・萝岗区,“上市公司，平台大，发展空间大”
市场与销售,高端职位,公关总监,公关总监,百信银行,https://www.lagou.com/jobs/3547314.html,35,2017-10-12,经验5-10年 , 本科,北京・东四,"“p90薪酬,银行福利”"
市场与销售,高端职位,公关总监,品牌公关总监,装小蜜,https://www.lagou.com/jobs/3668468.html,15,09:41发布,经验5-10年 , 本科,北京・百子湾,“五险，平台牛，餐补”
市场与销售,高端职位,公关总监,品牌公关总监,OUTMAN淘汰郎,https://www.lagou.com/jobs/2676309.html,18,2017/11/7,经验3-5年 , 本科,北京・八里庄,"“行业冠军,市场空间大,期权,发展空间好”"
市场与销售,高端职位,公关总监,高级公关总监,货圈全,https://www.lagou.com/jobs/3747958.html,25,2017/11/7,经验5-10年 , 本科,北京・北苑,"“期权奖励,交通便利”"
市场与销售,高端职位,公关总监,品牌公关总监,麦子金服,https://www.lagou.com/jobs/3488048.html,30,2017-10-17,经验5-10年 , 本科,上海・肇嘉浜路,“工资自己定 金融狂人聚集 半年晋升”
市场与销售,高端职位,公关总监,QQ音乐公关总监,腾讯,https://www.lagou.com/jobs/3580888.html,20,09:44发布,经验10年以上 , 本科,深圳・科技园,"“五险一金,岗位晋升”"
市场与销售,高端职位,公关总监,品牌公关总监,青之芽,https://www.lagou.com/jobs/3756317.html,8,2017-10-27,经验3-5年 , 本科,南京・江宁区,"“五险一金,带薪年假,地铁周边,环境超棒”"
市场与销售,高端职位,公关总监,公关总监,新蜜蜂,https://www.lagou.com/jobs/3707789.html,10,2017-10-16,经验不限 , 不限,深圳・新安,"“KOL资源,媒体资源,高提成,合伙人机会”"
市场与销售,高端职位,公关总监,优秀媒体公关总监-PR总监,哈匹投资,https://www.lagou.com/jobs/3671927.html,15,2017-11-03,经验5-10年 , 本科,深圳・车公庙,"“期权,激情,正义,钱景”"
市场与销售,高端职位,公关总监,公关总监（PR Director）,触宝科技,https://www.lagou.com/jobs/3380545.html,30,10:35发布,经验5-10年 , 本科,北京・朝阳区,"“老板好,团队佳”"
市场与销售,高端职位,公关总监,媒体公关总监,闪送,https://www.lagou.com/jobs/3612244.html,20,10:14发布,经验3-5年 , 本科,北京・西北旺,"“平台,发展空间,温馨团队”"
市场与销售,高端职位,公关总监,公关总监（秒拍&小咖秀&一直播）,一下集团,https://www.lagou.com/jobs/3684429.html,20,09:38发布,经验5-10年 , 本科,北京・望京,“E轮融资5亿美金，坐拥多款爆品”
市场与销售,高端职位,公关总监,PR总监／公关总监／品牌总监,昂道金融,https://www.lagou.com/jobs/3504090.html,20,2017/11/6,经验3-5年 , 大专,上海・徐汇区,"“弹性工作,扁平化,五险一金,定期体检”"
职能,法务,专利,专利专员,Putao,https://www.lagou.com/jobs/3670666.html,5,10:11发布,经验1年以下 , 不限,上海・闵行区,“平台稳定 晋升空间大”
职能,法务,专利,专利/知识产权工程师,有品 PICOOC,https://www.lagou.com/jobs/2085715.html,10,09:46发布,经验不限 , 本科,深圳・蛇口,“B轮融资，平台好，薪酬福利好”
职能,法务,专利,专利代理人,ofo,https://www.lagou.com/jobs/3091415.html,15,14:35发布,经验3-5年 , 本科,北京・海淀区,“五险一金，带薪年假，节日福利”
职能,法务,专利,专利工程师,智美达,https://www.lagou.com/jobs/3666148.html,10,10:28发布,经验1-3年 , 本科,深圳・科技园,"“知识产权,理工背景,技术背景”"
职能,法务,专利,专利工程师,智慧芽,https://www.lagou.com/jobs/2679578.html,10,2017/11/6,经验1-3年 , 本科,苏州・娄葑,“扁平化管理、发展空间大、行业翘楚”
职能,法务,专利,专利专员,斐讯通信,https://www.lagou.com/jobs/2803532.html,5,2017-10-24,经验1-3年 , 本科,上海・松江区,“五险一金；带薪年假；节日福利”
职能,法务,专利,法律部-专利专员,搜狗,https://www.lagou.com/jobs/3010088.html,15,17:27发布,经验5-10年 , 本科,北京・五道口,“团队气氛佳”
职能,法务,专利,专利工程师,蓝海智能,https://www.lagou.com/jobs/3063416.html,7,08:55发布,经验1-3年 , 本科,上海・金山区,“专利”
职能,法务,专利,专利代理人,展翅,https://www.lagou.com/jobs/3249288.html,8,2017/11/7,经验不限 , 不限,北京・中关村,“完善的入职培训，灵活的工作时间”
职能,法务,专利,专利工程师,Darma,https://www.lagou.com/jobs/3508759.html,8,2017/11/6,经验1-3年 , 本科,深圳・大冲,"“发展空间大,氛围活跃”"
职能,法务,专利,专利顾问,铭一知识产权,https://www.lagou.com/jobs/3353744.html,4,2017/11/7,经验不限 , 大专,郑州・郑东新区,"“五险一金,绩效奖金高,提升空间大,晋升快”"
职能,法务,专利,专利工程师,奥比中光,https://www.lagou.com/jobs/3267248.html,8,17:05发布,经验1-3年 , 本科,深圳・南山区,"“发展空间大,福利待遇好,五险一金,工作氛围”"
职能,法务,专利,专利工程师,中电数通,https://www.lagou.com/jobs/3558588.html,8,2017/11/7,经验1-3年 , 本科,深圳・南山区,"“股票,期权,发展空间大”"
职能,法务,专利,知识产权/专利专员,蒜泥众创,https://www.lagou.com/jobs/3718069.html,3,2017/11/6,经验1-3年 , 本科,西安・文景路,"“团队氛围,晋升空间,领导重视”"
职能,法务,专利,专利代理人,三和专利,https://www.lagou.com/jobs/2643211.html,6,2017/11/6,经验不限 , 本科,上海・外滩,“一周一件发明专利申请？OK！”
职能,法务,专利,专利总监,Putao,https://www.lagou.com/jobs/3746226.html,20,10:11发布,经验5-10年 , 本科,上海・闵行区,“平台稳定 晋升空间大”
职能,法务,专利,专利工程师,Darma,https://www.lagou.com/jobs/3505386.html,8,15:40发布,经验1-3年 , 本科,深圳・大冲,"“发展空间,弹性工作”"
职能,法务,专利,专利工程师（急）,有品 PICOOC,https://www.lagou.com/jobs/2225887.html,6,09:46发布,经验1-3年 , 本科,北京,“B轮融资，平台好，薪酬福利好”
职能,法务,专利,专利工程师,roobo,https://www.lagou.com/jobs/3277864.html,10,16:57发布,经验3-5年 , 本科,北京・朝阳区,"“年底奖金,人工智能,团队氛围”"
职能,法务,专利,专利工程师,九五智驾,https://www.lagou.com/jobs/1447835.html,8,08:37发布,经验1-3年 , 本科,北京・交通大学,“大牛导师、五险一金、绩效奖、年终奖、体检”
职能,法务,专利,专利工程师,斐讯通信,https://www.lagou.com/jobs/2804104.html,7,2017-10-24,经验3-5年 , 本科,上海・松江区,“五险一金；带薪年假；节日福利”
职能,法务,专利,专利工程师,Realmax,https://www.lagou.com/jobs/3459202.html,6,2017-10-27,经验3-5年 , 本科,上海・上海师大,“五险一金 弹性工作 绩效奖金 餐补”
职能,法务,专利,专利工程师,武汉维创品智专利代理事务所,https://www.lagou.com/jobs/2803252.html,6,10:01发布,经验不限 , 本科,武汉・光谷,"“朝阳行业,平台好,晋升空间大,能力=高薪”"
职能,法务,专利,专利专员,AICVS 无人店科技,https://www.lagou.com/jobs/3788998.html,8,2017/11/6,经验1-3年 , 本科,北京・中关村,"“员工第一,五险一金,位置优越”"
职能,法务,专利,专利代理人/专利工程师,广东海石公司,https://www.lagou.com/jobs/3506955.html,8,10:48发布,经验1-3年 , 本科,广州・沙河,"“丰厚薪酬,带薪年假,年终奖金,发展空间大”"
职能,法务,专利,专利工程师,邦马特,https://www.lagou.com/jobs/3759969.html,10,2017/11/7,经验3-5年 , 本科,深圳・科技园,"“项目前景好,产品有创新,老板开明,团队氛围好”"
职能,法务,专利,销售助理/商标/专利,路浩知识产权代理,https://www.lagou.com/jobs/3057881.html,6,2017-10-11,经验不限 , 大专,深圳・科技园,"“高薪,社保,带薪年假”"
职能,法务,专利,专利工程师,京东商城,https://www.lagou.com/jobs/3690276.html,10,2017-10-27,经验5-10年 , 本科,北京・亦庄,"“平台广阔,免费班车”"
职能,法务,专利,专利代理人,中细软集团,https://www.lagou.com/jobs/3752811.html,3,2017-10-27,经验不限 , 本科,天津・滨海新区,"“系统培养,提供住宿,五险一金,帅哥靓女”"
职能,法务,专利,专利代理人,成都虹盛,https://www.lagou.com/jobs/3706633.html,5,2017-10-16,经验1年以下 , 本科,成都・驷马桥,"“专利,机械,专利申请,撰写”"
职能,法务,专利,专利顾问,中细软集团,https://www.lagou.com/jobs/3687088.html,4,2017-10-11,经验不限 , 大专,天津・滨海新区,"“五险一金,公寓住宿,免费晚餐,帅哥靓女”"
职能,法务,专利,专利代理人,智圈,https://www.lagou.com/jobs/3657078.html,10,2017/11/7,经验1-3年 , 本科,深圳・科技园,"“成长快,成长快,成长快,成长快”"
职能,法务,专利,专利、政府项目申报专员,优美创新,https://www.lagou.com/jobs/3757588.html,7,2017-10-28,经验1-3年 , 大专,深圳・科技园,“福利好”
职能,法务,专利,专利工程师,联合知识产权,https://www.lagou.com/jobs/3782851.html,6,2017-11-03,经验1-3年 , 本科,深圳・岗厦,"“不外出办公,朝阳行业,团队气氛优,晋升快”"
职能,法务,专利,专利工程师,深圳市橙果知识产权,https://www.lagou.com/jobs/3615532.html,6,2017/11/6,经验1-3年 , 本科,深圳・南山区,"“五险一金,员工旅游,福利多”"
职能,法务,专利,专利代理人,深圳伟邦,https://www.lagou.com/jobs/3770186.html,10,2017-11-01,经验1-3年 , 大专,深圳・龙华新区,“五险一金，年终分红”
职能,法务,专利,专利工程师,1MORE,https://www.lagou.com/jobs/3676972.html,8,2017/11/6,经验不限 , 本科,深圳・南山区,"“高精尖研发,国际化视野,高端平台,各种福利”"
职能,法务,专利,专利代理人,翼叶声知识产权,https://www.lagou.com/jobs/3724607.html,3,2017-10-20,经验不限 , 本科,深圳・南头,“弹性工作，上升空间”
职能,法务,专利,专利工程师,精锋医疗,https://www.lagou.com/jobs/3672721.html,13,2017/11/6,经验1-3年 , 本科,深圳・龙岗区,"“高素质团队,核心研发,晋升机会,出国机会”"
职能,法务,专利,知识产权法务（专利方向）/专利工程师,Bigo,https://www.lagou.com/jobs/3777689.html,10,2017-11-02,经验不限 , 本科,广州・番禺区,"“年底双薪,餐补,房补,班车”"
职能,法务,专利,专利工程师,京东商城,https://www.lagou.com/jobs/3690256.html,8,2017-10-27,经验3-5年 , 本科,北京・亦庄,"“平台广阔,免费班车”"
职能,法务,专利,专利工程师,杭州摩汀科技有限公司,https://www.lagou.com/jobs/3701561.html,4,2017-10-14,经验1-3年 , 本科,杭州・古墩路,“五险一金 弹性工作 优厚薪资 节日福利”
职能,法务,专利,专利代理人及助理（电学）,浩天知识产权代理事务所,https://www.lagou.com/jobs/1733873.html,4,15:45发布,经验不限 , 本科,北京・朝阳门,“带薪年假、补助、年度旅游、五险一金”
职能,法务,专利,产权/专利顾问,北标,https://www.lagou.com/jobs/3777958.html,12,2017/11/7,经验1-3年 , 大专,北京・万泉河,“福利待遇”
职能,法务,专利,专利工程师,小享科技,https://www.lagou.com/jobs/3604300.html,8,19:07发布,经验3-5年 , 本科,广州・机场路,"“急聘,上班不打卡,五险一金,地铁站附近”"
金融,审计税务,会计,会计,泛微,https://www.lagou.com/jobs/2537166.html,4,10:46发布,经验1-3年 , 本科,上海・浦江,“一年两次加薪 稳定 领导nice 包四餐”
金融,审计税务,会计,会计,拉勾网,https://www.lagou.com/jobs/3759950.html,8,2017-11-03,经验3-5年 , 本科,北京・中关村,“很酷的公司，很棒的团队，极好的成长机会”
金融,审计税务,会计,会计,随手科技,https://www.lagou.com/jobs/3801381.html,6,17:07发布,经验3-5年 , 本科,深圳・科技园,"“福利待遇好,发展空间大”"
金融,审计税务,会计,会计,玩乐付,https://www.lagou.com/jobs/3801415.html,10,17:10发布,经验3-5年 , 本科,北京・知春路,"“平台大,待遇优,福利好,升职快”"
金融,审计税务,会计,会计,智度亦复,https://www.lagou.com/jobs/3798060.html,5,10:53发布,经验1-3年 , 大专,上海・龙华,“互联网广告”
金融,审计税务,会计,会计,小源科技,https://www.lagou.com/jobs/2810690.html,5,11:51发布,经验3-5年 , 大专,珠海・兰埔,"“五险一金,员工旅游,周末双休,包吃”"
金融,审计税务,会计,会计,孚嘉科技,https://www.lagou.com/jobs/3408650.html,6,18:09发布,经验1-3年 , 本科,杭州・拱墅区,"“晋升空间大,扁平管理,工作环境好,双休”"
金融,审计税务,会计,会计,指纹科技,https://www.lagou.com/jobs/2652804.html,4,2017/11/7,经验1-3年 , 本科,厦门・莲坂,“会计”
金融,审计税务,会计,会计,浙江聚有财,https://www.lagou.com/jobs/1951471.html,4,09:20发布,经验1-3年 , 大专,杭州・河坊街,“团队融洽 发展前景佳 待遇从优 福利保障”
金融,审计税务,会计,会计,河马牙医,https://www.lagou.com/jobs/3734032.html,6,15:42发布,经验1-3年 , 本科,上海・上海南站,"“发展前景,优秀团队,五险一金,年终奖金”"
金融,审计税务,会计,会计,租我么,https://www.lagou.com/jobs/2963272.html,5,14:37发布,经验3-5年 , 不限,厦门・思明区,"“高薪,自由,环境好,期权鼓励”"
金融,审计税务,会计,会计,麦优,https://www.lagou.com/jobs/3401628.html,5,11:33发布,经验3-5年 , 本科,广州・珠江新城,"“平台广阔,氛围好,年度旅游,帅哥美女多”"
金融,审计税务,会计,会计,南京悦才信息科技有限公司,https://www.lagou.com/jobs/2064911.html,4,09:49发布,经验1-3年 , 本科,南京・浦口区,“工作自由 福利齐全 年终分红”
金融,审计税务,会计,会计,天金加银集团,https://www.lagou.com/jobs/3710302.html,3,2017/11/7,经验1-3年 , 大专,天津・小白楼,"“社险公积金,奢华下午茶,带薪年假,5A级办公”"
金融,审计税务,会计,会计,卓越教育集团,https://www.lagou.com/jobs/3540204.html,6,09:37发布,经验不限 , 本科,广州・越秀区,“待遇高，薪酬高，晋升机会大”
金融,审计税务,会计,会计,泛微,https://www.lagou.com/jobs/2504936.html,4,10:46发布,经验1-3年 , 本科,上海・浦江,“半年调薪，包三餐下午茶，福利待遇佳”
金融,审计税务,会计,会计,浙江聚有财,https://www.lagou.com/jobs/459374.html,4,09:20发布,经验不限 , 本科,杭州・河坊街,“团队融洽 发展前景佳 待遇从优 福利保障”
金融,审计税务,会计,会计,文网亿联,https://www.lagou.com/jobs/3796252.html,4,11:56发布,经验3-5年 , 本科,武汉・东湖新技术开发区,"“五险一金,扁平管理”"
金融,审计税务,会计,会计,上海卫诚,https://www.lagou.com/jobs/3551122.html,5,09:30发布,经验3-5年 , 不限,上海・淞南,"“扁平化管理,弹性工作制,年终奖,办公环境好”"
金融,审计税务,会计,会计,哗啦啦,https://www.lagou.com/jobs/3687511.html,4,18:45发布,经验1-3年 , 本科,九江・永修县,“弹性工作 周末双休”
金融,审计税务,会计,会计,蜂融网络,https://www.lagou.com/jobs/3556165.html,5,2017/11/7,经验1-3年 , 本科,杭州・西溪,"“发展迅速,全员持股,国外旅游,不打卡”"
金融,审计税务,会计,会计,捷通华声,https://www.lagou.com/jobs/2570709.html,8,09:37发布,经验3-5年 , 本科,北京・西二旗,“五险一金、绩效工资、项目奖金、半年调薪”
金融,审计税务,会计,会计,DataStory,https://www.lagou.com/jobs/3790492.html,5,10:14发布,经验3-5年 , 本科,广州・海珠区,"“弹性工作,五险一金,双休”"
金融,审计税务,会计,会计,新精准传媒,https://www.lagou.com/jobs/3690529.html,3,10:48发布,经验1-3年 , 本科,武汉・珞南,“五险一金 岗位晋升 绩效奖金 弹性工作”
金融,审计税务,会计,财务/会计,动动,https://www.lagou.com/jobs/2465048.html,10,2017/11/7,经验3-5年 , 本科,北京,“福利好，领导nice”
金融,审计税务,会计,会计,易乎社区,https://www.lagou.com/jobs/3194063.html,5,2017/11/7,经验1-3年 , 本科,上海・曹路,“互联网公司”
金融,审计税务,会计,会计（新疆）,谷川联行,https://www.lagou.com/jobs/3363875.html,4,2017/11/7,经验不限 , 不限,伊犁・霍尔果斯市,“发展空间大”
金融,审计税务,会计,会计,达内集团,https://www.lagou.com/jobs/3665082.html,4,09:49发布,经验1-3年 , 大专,南京・苜蓿园,“上市公司、五险一金、周末双休”
金融,审计税务,会计,会计（溢彩）,互联新网,https://www.lagou.com/jobs/3276846.html,5,17:27发布,经验1-3年 , 大专,北京・宣武门,“五险一金全额缴纳 周末双休”
金融,审计税务,会计,会计,51公积金,https://www.lagou.com/jobs/3549057.html,6,11:54发布,经验3-5年 , 本科,杭州・西溪,"“领导好,团队氛围好,公司福利好”"
金融,审计税务,会计,会计,泛微,https://www.lagou.com/jobs/2646170.html,6,10:46发布,经验1-3年 , 本科,上海・浦江,“美味三餐 氛围轻松 半年调薪 境外旅游”
金融,审计税务,会计,会计,浙江聚有财,https://www.lagou.com/jobs/3141716.html,4,09:20发布,经验不限 , 本科,杭州・上城区,"“发展空间好,薪资福利好,年轻有活力”"
金融,审计税务,会计,会计,皇台金服,https://www.lagou.com/jobs/3732295.html,5,2017/11/6,经验3-5年 , 大专,杭州・古墩路,"“多金,升值快,NICE”"
金融,审计税务,会计,会计,多拉智能,https://www.lagou.com/jobs/3793984.html,8,09:44发布,经验3-5年 , 本科,北京・朝阳区,"“工作氛围好,回报丰厚,成长空间大,领导好”"
金融,审计税务,会计,会计,绿漫科技,https://www.lagou.com/jobs/3718460.html,8,09:33发布,经验5-10年 , 本科,杭州・仓前,"“期权,旅游,五险一金”"
金融,审计税务,会计,会计,蜜芽,https://www.lagou.com/jobs/3411073.html,5,2017/11/7,经验1-3年 , 本科,北京・太阳宫,“年底双薪，补充医疗，五险一金，弹性工时”
金融,审计税务,会计,会计,大搜车,https://www.lagou.com/jobs/3562700.html,6,09:28发布,经验3-5年 , 本科,杭州・余杭区,"“大平台,发展好”"
金融,审计税务,会计,会计,碧橙网络,https://www.lagou.com/jobs/3502942.html,8,09:34发布,经验3-5年 , 大专,杭州・古墩路,"“周末双休,年底双薪,绩效奖金,专业培训”"
金融,审计税务,会计,会计J10918,太平洋网络有限公司,https://www.lagou.com/jobs/3663208.html,4,2017/11/7,经验1-3年 , 本科,广州・天河区,"“上市公司,制度完善,年终奖金,带薪年假”"
金融,审计税务,会计,会计,筑家易,https://www.lagou.com/jobs/3792498.html,3,2017/11/7,经验1-3年 , 大专,杭州・余杭区,"“缴纳社保,带薪年假,节日礼包,扁平管理”"
金融,审计税务,会计,会计,企朋,https://www.lagou.com/jobs/3710975.html,4,2017/11/7,经验1-3年 , 本科,杭州・西湖区,"“男女1:1,马上年底游,定制午晚餐”"
金融,审计税务,会计,会计,爱回收,https://www.lagou.com/jobs/3267801.html,8,2017/11/7,经验3-5年 , 本科,上海・复旦大学,"“带薪年假,节日福利,年底奖励,定期体检”"
金融,审计税务,会计,会计,什么值得买,https://www.lagou.com/jobs/2889017.html,7,09:52发布,经验1-3年 , 本科,北京・木樨园,"“带薪休假,五险一金,餐补,弹性工作”"
金融,审计税务,会计,会计,青墨科技,https://www.lagou.com/jobs/3667075.html,5,09:41发布,经验1-3年 , 本科,上海・大宁路,"“专业培训,配苹果电脑,下午茶,年终奖”"
金融,审计税务,会计,会计,亚美,https://www.lagou.com/jobs/3738984.html,5,2017/11/7,经验3-5年 , 本科,广州・五山,"“五险一金,周末双休,地铁周边,员工旅游”"
金融,审计税务,会计,会计,北京海顿中科技术有限公司,https://www.lagou.com/jobs/3754283.html,7,09:36发布,经验3-5年 , 本科,北京・马甸,“六险一金，免费早餐，午餐补助，带薪病假”
金融,审计税务,会计,会计,多多理财,https://www.lagou.com/jobs/3192220.html,4,2017/11/6,经验1-3年 , 大专,杭州・萧山区,"“六险一金,绩效奖金,年终奖金”"
金融,审计税务,会计,会计,青墨科技,https://www.lagou.com/jobs/3052977.html,4,17:30发布,经验1-3年 , 大专,上海・大宁路,"“五险一金,专业培训,超棒小伙伴,工作环境优”"
金融,审计税务,会计,会计,博车汇名车馆,https://www.lagou.com/jobs/3800596.html,3,16:01发布,经验不限 , 本科,杭州・江干区,"“事情少,单双休,社保”"
金融,审计税务,会计,会计,同牛科技,https://www.lagou.com/jobs/3774392.html,4,14:14发布,经验1-3年 , 大专,杭州・天水,"“餐补,六险一金,周末双休”"
金融,审计税务,会计,会计,电竞虎,https://www.lagou.com/jobs/2015866.html,5,10:48发布,经验1-3年 , 本科,上海・浦东新区,"“弹性工作制,晋升空间大,每周下午茶,帅哥美女多”"
金融,审计税务,会计,会计,四川华成微彩,https://www.lagou.com/jobs/3777079.html,4,17:09发布,经验3-5年 , 大专,重庆・五里店,"“福利好,双休”"
金融,审计税务,会计,会计,蒲公英文化传媒,https://www.lagou.com/jobs/3798627.html,3,11:45发布,经验1-3年 , 大专,保定・北市区,“五险一金、节假日福利、”
金融,审计税务,会计,会计,融配达,https://www.lagou.com/jobs/3179398.html,3,09:04发布,经验1-3年 , 大专,佛山・南海区,"“财务,会计,电商,金融”"
金融,审计税务,会计,会计,悟空租车,https://www.lagou.com/jobs/3791978.html,6,14:54发布,经验1-3年 , 本科,北京・东直门,"“六险一金,13薪,补助,晋升”"
金融,审计税务,会计,会计,百善生命,https://www.lagou.com/jobs/3797804.html,4,10:33发布,经验1-3年 , 大专,郑州・祭城,"“五险一金,包住宿,牛人多,平台大”"
金融,审计税务,会计,会计,功夫贷,https://www.lagou.com/jobs/3734100.html,8,20:07发布,经验不限 , 本科,杭州・拱墅区,“平台前景好”
金融,审计税务,会计,会计,海平方,https://www.lagou.com/jobs/3448308.html,4,17:58发布,经验3-5年 , 本科,西安・高新技术产业开发区,"“五险一金,加班补助,丰富下午茶,全勤奖励”"
金融,审计税务,会计,会计,华昕影院,https://www.lagou.com/jobs/3799166.html,7,13:39发布,经验3-5年 , 大专,上海・梅川路,"“做五休二,带薪年假”"
金融,审计税务,会计,会计,博康财税,https://www.lagou.com/jobs/3800436.html,2,15:47发布,经验不限 , 不限,太原・小店区,“工作时间自由，让你月收入过万”
